<metadata><idinfo><citation><citeinfo><pubdate>04/07/2014</pubdate><title>Shelters along the Appalachian National Scenic Trail</title><edition>First</edition><geoform Sync="TRUE">vector digital data</geoform><pubinfo><pubplace>Harpers Ferry, WV</pubplace><publish>Appalachian Trail Conservancy</publish></pubinfo><ftname Sync="TRUE">at_shelters</ftname><pubtime>17:17</pubtime><origin>National Park Service Appalachian Trail Park Office and Appalachian Trail Conservancy</origin><onlink>http://www.appalachiantrail.org/</onlink><serinfo/><lworkcit><citeinfo><title></title><pubdate></pubdate><pubinfo/><serinfo/></citeinfo></lworkcit></citeinfo></citation><descript><abstract>This data set depicts shelters along the Appalachian National Scenic Trail. It may not be totally comprehensive, but represents all recorded shelters that we currently have on file. 

Locational information used to create this data set were obtained from Global Positioning Systems (GPS) survey data collected between 1999-2013 using mostly Trimble GPS equipment.</abstract><purpose>This data set was developed to provide a depiction of shelters along the Appalachian National Scenic Trail in an usable and easily transferable format between parties so that it can correctly be represented on digital and printed maps; to assist staff members, agency partners, and trail-maintaining clubs with trail and land management duties; and to help local planning agencies, telecommunications companies, and other groups with planning activities, such as siting new developments that could have a substantial impact on the scenic quality of the Appalachian Trail.</purpose><supplinf>The Appalachian National Scenic Trail is a footpath over 2,170 miles in length that traverses the Appalachian Mountains from Maine to Georgia. It passes through 14 states and approximately 241 jurisdictions, and links some 75 national and state parks and forests.  Virtually every mile is within easy access of a major population center and some portion of the trail is within a day's drive of 2/3rds of the U.S. population. 

The idea for an Appalachian Trail was conceived by forester Benton MacKaye in 1921. In 1925, he formed the Appalachian Trail Conference (now called the Appalachian Trail Conservancy), a private not-for-profit organization whose mission is to protect, preserve, manage, and promote the Appalachian Trail. By 1937, an Appalachian Trail footpath was considered complete and open for all to enjoy. In 1968, Congress passed the National Scenic Trails Act that created a system of national scenic trails, starting with the Appalachian Trail and Pacific Crest Trail. 

Though part of the national park system, the Appalachian Trail has largely remained managed by the Appalachian Trail Conservancy (formally called the Appalachian Trail Conference). This responsibility was formally delegated by the Department of the Interior in 1984. Today, the trail and its associated lands are managed by the Appalachian Trail Conservancy, its 31 affiliated trail clubs, and the National Park Service Appalachian Trail Park Office, in conjunction with several agency partners including the USDA Forest Service and numerous state park and state forest agencies.</supplinf><langdata Sync="TRUE">en</langdata></descript><timeperd><timeinfo><rngdates><begdate>20010301</begdate><enddate>20140407</enddate></rngdates></timeinfo><current>publication date</current></timeperd><status><progress>Ongoing</progress><update>As needed</update></status><spdom><bounding><westbc Sync="TRUE">914566.481695664</westbc><eastbc Sync="TRUE">2423282.33118496</eastbc><northbc Sync="TRUE">2840368.59222901</northbc><southbc Sync="TRUE">1350584.26390764</southbc></bounding><lboundng><leftbc Sync="TRUE">-84.200096</leftbc><rightbc Sync="TRUE">-68.999124</rightbc><bottombc Sync="TRUE">34.617648</bottombc><topbc Sync="TRUE">45.886930</topbc></lboundng></spdom><keywords><theme><themekt>REQUIRED: Reference to a formally registered thesaurus or a similar authoritative source of theme keywords.</themekt><themekey>Appalachian National Scenic Trail Shelters</themekey><themekey>Appalachian Trail Shelters</themekey><themekey>A.T. National Scenic Trail Shelters</themekey><themekey>A.T. Shelters</themekey><themekey>AT Shelters</themekey><themekey>A.T. GPS Shelters</themekey><themekey>Appalachian Trail Shelters</themekey></theme><place><placekey>Appalachian National Scenic Trail</placekey><placekey>Appalachian Trail</placekey><placekey>A.T.</placekey><placekey>AT</placekey><placekey>ME-GA</placekey><placekey>ME</placekey><placekey>NH</placekey><placekey>VT</placekey><placekey>MA</placekey><placekey>CT</placekey><placekey>NY</placekey><placekey>NJ</placekey><placekey>PA</placekey><placekey>MD</placekey><placekey>WV</placekey><placekey>VA</placekey><placekey>TN</placekey><placekey>NC</placekey><placekey>GA</placekey></place></keywords><accconst>It is asked that proper citation (credit: National Park Service Appalachian Trail Park Office and Appalachian Trail Conservancy) be used on any materials (digital or printed) in which this information appears.</accconst><useconst>Although a large portion of this data is quite accurate, the information depicted in this data set is for general reference purposes only and does not represent legal survey information. The Appalachian Trail Conservancy, the National Park Service Appalachian Trail Park Office, agency partners (including other units of the National Park Service and the USDA Forest Service), and associated trail-maintaining clubs shall not be held responsible for use or misuse of this data. Please see the Distribution_Liability section for more detailed information.</useconst><ptcontac><cntinfo><cntperp><cntper>Matthew C. Robinson</cntper><cntorg>Appalachian National Scenic Trail</cntorg></cntperp><cntpos>GIS Specialist</cntpos><cntaddr><addrtype>mailing address</addrtype><address>P.O. Box 50</address><city>Harpers Ferry</city><state>West Virginia</state><postal>25425</postal><country>USA</country></cntaddr><cntvoice>(304) 535-6278</cntvoice><cntfax>(304) 535-6270</cntfax><cntemail>Matt_Robinson@nps.gov</cntemail><hours>9-5 EST</hours></cntinfo></ptcontac><datacred>National Park Service Appalachian Trail Park Office and Appalachian Trail Conservancy</datacred><native Sync="TRUE">Microsoft Windows 7 Version 6.1 (Build 7601) Service Pack 1; ESRI ArcGIS 10.0.5.4400</native><natvform Sync="TRUE">Shapefile</natvform></idinfo><dataqual><attracc></attracc><logic>Information within this data set are considered to be logically consistent, though no formal tests were performed.</logic><complete>The Appalachian National Scenic Trail shelter data was created from high accuracy Global Positioning System (GPS) data collected by Dr. Vernon Vernier (1999-2003), Karl Hartzell and John Fletcher (2005), and A.T. staff members (2001-2013), using Trimble GPS equipment, as well as some supplemental data from trail partners. 

As more accurate and up-to-date information is collected or becomes available, it will be incorporated within, or used to update, the current data set.</complete><posacc><horizpa><horizpar>All portions of the data meet National Mapping Standards of +/- 46.5 feet horizontal accuracy at a 95% confidence level.</horizpar></horizpa><vertacc><vertaccr>Not available.</vertaccr></vertacc></posacc><lineage><procstep><procdesc>The Appalachian National Scenic Trail shelter data was created from high accuracy Global Positioning System (GPS) data collected by Dr. Vernon Vernier (1999-2003), Karl Hartzell and John Fletcher (2005), and A.T. staff members (2001-2013), using Trimble GPS equipment, as well as some supplemental data from trail partners. 

As more accurate and up-to-date information is collected or becomes available, it will be incorporated within, or used to update, the current data set.</procdesc><procdate>20010301-20140407</procdate></procstep><procstep><procdesc>Metadata imported.</procdesc><srcused>G:\Temp\xml2CE.tmp</srcused></procstep><procstep><procdesc>Dataset copied.</procdesc><srcused></srcused></procstep><procstep><procdesc>Dataset copied.</procdesc><srcused></srcused></procstep><procstep><procdesc>Dataset copied.</procdesc><srcused></srcused><procdate>20140407</procdate><proctime>16043500</proctime></procstep><procstep><procdesc>Dataset copied.</procdesc><srcused></srcused><procdate>20140407</procdate><proctime>16050200</proctime></procstep><procstep><procdesc>Metadata imported.</procdesc><srcused>C:\DOCUME~1\MROBIN~1\LOCALS~1\Temp\xml38ED.tmp</srcused><procdate>20110411</procdate><proctime>14041000</proctime></procstep><procstep><procdesc>Metadata imported.</procdesc><srcused>C:\DOCUME~1\MROBIN~1\LOCALS~1\Temp\xml707B.tmp</srcused><procdate>20110426</procdate><proctime>14461800</proctime></procstep><procstep><procdesc>Metadata imported.</procdesc><srcused>B:\Data\Trail\Features\bridges.shp.xml</srcused><procdate>20110426</procdate><proctime>15054200</proctime></procstep><procstep><procdesc>Metadata imported.</procdesc><srcused>B:\Data\Trail\Features\campsites.shp.xml</srcused><procdate>20110427</procdate><proctime>12201800</proctime></procstep><procstep><procdesc>Dataset copied.</procdesc><srcused></srcused><procdate>20110506</procdate><proctime>10435600</proctime></procstep><procstep><procdesc Sync="TRUE">Metadata imported.</procdesc><srcused Sync="TRUE">B:\Data\Trail\Features\shelters.xml</srcused><procdate Sync="TRUE">20110729</procdate><proctime Sync="TRUE">16112800</proctime></procstep><srcinfo><srcscale>1:5,000</srcscale><typesrc>CD-ROM</typesrc><srccitea>ATC and NPS ATPO</srccitea><srccontr>Information used in compiling this data set was collected and contributed by Dr. Vernon Vernier (1999-2003), Karl Hartzell and John Fletcher (2005), and A.T. staff members (2001-2013), with some supplemental data from trail partners.</srccontr><srccite><citeinfo><title>Appalachian National Scenic Trail Centerline</title><pubdate>04/07/2014</pubdate><pubtime>17:17</pubtime><edition>2014</edition><geoform>vector digital data</geoform><origin>National Park Service Appalachian Trail Park Office and Appalachian Trail Conservancy</origin><onlink>http://www.appalachiantrail.org/</onlink><pubinfo><publish>Appalachian Trail Conservancy</publish><pubplace>Harpers Ferry, WV</pubplace></pubinfo><serinfo/><lworkcit><citeinfo><title></title><pubdate></pubdate><pubinfo/><serinfo/></citeinfo></lworkcit></citeinfo></srccite><srctime><srccurr>publication date</srccurr><timeinfo/></srctime></srcinfo></lineage></dataqual><spdoinfo><direct Sync="TRUE">Vector</direct><ptvctinf><esriterm><efeatyp Sync="TRUE">Simple</efeatyp><efeageom code="1" Sync="TRUE"></efeageom><esritopo Sync="TRUE">FALSE</esritopo><efeacnt Sync="TRUE">318</efeacnt><spindex Sync="TRUE">FALSE</spindex><linrefer Sync="TRUE">FALSE</linrefer></esriterm></ptvctinf></spdoinfo><spref><horizsys><geograph><latres Sync="TRUE">0.000000</latres><longres Sync="TRUE">0.000000</longres><geogunit Sync="TRUE">Decimal degrees</geogunit></geograph><geodetic><horizdn Sync="TRUE">D_North_American_1983</horizdn><ellips Sync="TRUE">GRS_1980</ellips><semiaxis Sync="TRUE">6378137</semiaxis><denflat Sync="TRUE">298.257222</denflat></geodetic><cordsysn><geogcsn Sync="TRUE">GCS_North_American_1983</geogcsn></cordsysn></horizsys></spref><eainfo><detailed Name="at_shelters"><enttyp><enttypl Sync="TRUE">at_shelters</enttypl><enttypt Sync="TRUE">Feature Class</enttypt><enttypc Sync="TRUE">318</enttypc></enttyp><attr><attrlabl>FID</attrlabl><attrdef>Internal feature number</attrdef><attrdefs>ESRI</attrdefs><attrdomv><udom>Sequential unique whole numbers that are automatically generated.</udom></attrdomv><attalias Sync="TRUE">FID</attalias><attrtype Sync="TRUE">OID</attrtype><attwidth Sync="TRUE">4</attwidth><atprecis Sync="TRUE">0</atprecis><attscale Sync="TRUE">0</attscale></attr><attr><attrlabl>Shape</attrlabl><attrdef>Feature geometry</attrdef><attrdefs>ESRI</attrdefs><attrdomv><udom>Coordinates defining the features.</udom></attrdomv><attalias Sync="TRUE">Shape</attalias><attrtype Sync="TRUE">Geometry</attrtype><attwidth Sync="TRUE">0</attwidth><atprecis Sync="TRUE">0</atprecis><attscale Sync="TRUE">0</attscale></attr><attr><attrlabl>NAME</attrlabl><attrdef>Name (if known and it has one)</attrdef><attalias Sync="TRUE">NAME</attalias><attrtype Sync="TRUE">String</attrtype><attwidth Sync="TRUE">254</attwidth><atprecis Sync="TRUE">0</atprecis><attscale Sync="TRUE">0</attscale></attr><attr><attrlabl>TYPE</attrlabl><attrdef>Type of campsite</attrdef><attalias Sync="TRUE">TYPE</attalias><attrtype Sync="TRUE">String</attrtype><attwidth Sync="TRUE">254</attwidth><atprecis Sync="TRUE">0</atprecis><attscale Sync="TRUE">0</attscale></attr><attr><attrlabl>LENGTH___F</attrlabl><attalias Sync="TRUE">LENGTH___F</attalias><attrtype Sync="TRUE">Double</attrtype><attwidth Sync="TRUE">19</attwidth><atprecis Sync="TRUE">18</atprecis><attscale Sync="TRUE">6</attscale></attr><attr><attrlabl>WIDTH___FE</attrlabl><attalias Sync="TRUE">WIDTH___FE</attalias><attrtype Sync="TRUE">Double</attrtype><attwidth Sync="TRUE">19</attwidth><atprecis Sync="TRUE">18</atprecis><attscale Sync="TRUE">6</attscale></attr><attr><attrlabl>HEIGHT___F</attrlabl><attalias Sync="TRUE">HEIGHT___F</attalias><attrtype Sync="TRUE">Double</attrtype><attwidth Sync="TRUE">19</attwidth><atprecis Sync="TRUE">18</atprecis><attscale Sync="TRUE">6</attscale></attr><attr><attrlabl>FLOOR_SPAC</attrlabl><attalias Sync="TRUE">FLOOR_SPAC</attalias><attrtype Sync="TRUE">Double</attrtype><attwidth Sync="TRUE">11</attwidth><atprecis Sync="TRUE">11</atprecis><attscale Sync="TRUE">0</attscale></attr><attr><attrlabl>STATUS</attrlabl><attrdef>Current status of campsite</attrdef><attalias Sync="TRUE">STATUS</attalias><attrtype Sync="TRUE">String</attrtype><attwidth Sync="TRUE">100</attwidth><atprecis Sync="TRUE">0</atprecis><attscale Sync="TRUE">0</attscale></attr><attr><attrlabl>ROOF</attrlabl><attalias Sync="TRUE">ROOF</attalias><attrtype Sync="TRUE">String</attrtype><attwidth Sync="TRUE">254</attwidth><atprecis Sync="TRUE">0</atprecis><attscale Sync="TRUE">0</attscale></attr><attr><attrlabl>ROOF_REPLA</attrlabl><attalias Sync="TRUE">ROOF_REPLA</attalias><attrtype Sync="TRUE">Double</attrtype><attwidth Sync="TRUE">11</attwidth><atprecis Sync="TRUE">11</atprecis><attscale Sync="TRUE">0</attscale></attr><attr><attrlabl>ACCESSIBLE</attrlabl><attalias Sync="TRUE">ACCESSIBLE</attalias><attrtype Sync="TRUE">String</attrtype><attwidth Sync="TRUE">254</attwidth><atprecis Sync="TRUE">0</atprecis><attscale Sync="TRUE">0</attscale></attr><attr><attrlabl>AMENITIES</attrlabl><attalias Sync="TRUE">AMENITIES</attalias><attrtype Sync="TRUE">String</attrtype><attwidth Sync="TRUE">100</attwidth><atprecis Sync="TRUE">0</atprecis><attscale Sync="TRUE">0</attscale></attr><attr><attrlabl>YEAR_BUILT</attrlabl><attrdef>Year Built</attrdef><attalias Sync="TRUE">YEAR_BUILT</attalias><attrtype Sync="TRUE">Double</attrtype><attwidth Sync="TRUE">11</attwidth><atprecis Sync="TRUE">11</atprecis><attscale Sync="TRUE">0</attscale></attr><attr><attrlabl>COMMENTS</attrlabl><attrdef>Comments</attrdef><attalias Sync="TRUE">COMMENTS</attalias><attrtype Sync="TRUE">String</attrtype><attwidth Sync="TRUE">254</attwidth><atprecis Sync="TRUE">0</atprecis><attscale Sync="TRUE">0</attscale></attr><attr><attrlabl>MAX_PDOP</attrlabl><attalias Sync="TRUE">MAX_PDOP</attalias><attrtype Sync="TRUE">Double</attrtype><attwidth Sync="TRUE">19</attwidth><atprecis Sync="TRUE">18</atprecis><attscale Sync="TRUE">6</attscale></attr><attr><attrlabl>MAX_HDOP</attrlabl><attalias Sync="TRUE">MAX_HDOP</attalias><attrtype Sync="TRUE">Double</attrtype><attwidth Sync="TRUE">19</attwidth><atprecis Sync="TRUE">18</atprecis><attscale Sync="TRUE">6</attscale></attr><attr><attrlabl>CORR_TYPE</attrlabl><attalias Sync="TRUE">CORR_TYPE</attalias><attrtype Sync="TRUE">String</attrtype><attwidth Sync="TRUE">254</attwidth><atprecis Sync="TRUE">0</atprecis><attscale Sync="TRUE">0</attscale></attr><attr><attrlabl>RCVR_TYPE</attrlabl><attalias Sync="TRUE">RCVR_TYPE</attalias><attrtype Sync="TRUE">String</attrtype><attwidth Sync="TRUE">254</attwidth><atprecis Sync="TRUE">0</atprecis><attscale Sync="TRUE">0</attscale></attr><attr><attrlabl>GPS_DATE</attrlabl><attalias Sync="TRUE">GPS_DATE</attalias><attrtype Sync="TRUE">String</attrtype><attwidth Sync="TRUE">254</attwidth><atprecis Sync="TRUE">0</atprecis><attscale Sync="TRUE">0</attscale></attr><attr><attrlabl>GPS_TIME</attrlabl><attalias Sync="TRUE">GPS_TIME</attalias><attrtype Sync="TRUE">String</attrtype><attwidth Sync="TRUE">254</attwidth><atprecis Sync="TRUE">0</atprecis><attscale Sync="TRUE">0</attscale></attr><attr><attrlabl>UPDATE_STA</attrlabl><attalias Sync="TRUE">UPDATE_STA</attalias><attrtype Sync="TRUE">String</attrtype><attwidth Sync="TRUE">254</attwidth><atprecis Sync="TRUE">0</atprecis><attscale Sync="TRUE">0</attscale></attr><attr><attrlabl>FEAT_NAME</attrlabl><attalias Sync="TRUE">FEAT_NAME</attalias><attrtype Sync="TRUE">String</attrtype><attwidth Sync="TRUE">254</attwidth><atprecis Sync="TRUE">0</atprecis><attscale Sync="TRUE">0</attscale></attr><attr><attrlabl>DATAFILE</attrlabl><attalias Sync="TRUE">DATAFILE</attalias><attrtype Sync="TRUE">String</attrtype><attwidth Sync="TRUE">254</attwidth><atprecis Sync="TRUE">0</atprecis><attscale Sync="TRUE">0</attscale></attr><attr><attrlabl>UNFILT_POS</attrlabl><attalias Sync="TRUE">UNFILT_POS</attalias><attrtype Sync="TRUE">Double</attrtype><attwidth Sync="TRUE">11</attwidth><atprecis Sync="TRUE">11</atprecis><attscale Sync="TRUE">0</attscale></attr><attr><attrlabl>FILT_POS</attrlabl><attalias Sync="TRUE">FILT_POS</attalias><attrtype Sync="TRUE">Double</attrtype><attwidth Sync="TRUE">11</attwidth><atprecis Sync="TRUE">11</atprecis><attscale Sync="TRUE">0</attscale></attr><attr><attrlabl>DATA_DICTI</attrlabl><attalias Sync="TRUE">DATA_DICTI</attalias><attrtype Sync="TRUE">String</attrtype><attwidth Sync="TRUE">254</attwidth><atprecis Sync="TRUE">0</atprecis><attscale Sync="TRUE">0</attscale></attr><attr><attrlabl>GPS_WEEK</attrlabl><attalias Sync="TRUE">GPS_WEEK</attalias><attrtype Sync="TRUE">Double</attrtype><attwidth Sync="TRUE">11</attwidth><atprecis Sync="TRUE">11</atprecis><attscale Sync="TRUE">0</attscale></attr><attr><attrlabl>GPS_SECOND</attrlabl><attalias Sync="TRUE">GPS_SECOND</attalias><attrtype Sync="TRUE">Double</attrtype><attwidth Sync="TRUE">19</attwidth><atprecis Sync="TRUE">18</atprecis><attscale Sync="TRUE">6</attscale></attr><attr><attrlabl>GPS_HEIGHT</attrlabl><attalias Sync="TRUE">GPS_HEIGHT</attalias><attrtype Sync="TRUE">Double</attrtype><attwidth Sync="TRUE">19</attwidth><atprecis Sync="TRUE">18</atprecis><attscale Sync="TRUE">6</attscale></attr><attr><attrlabl>VERT_PREC</attrlabl><attalias Sync="TRUE">VERT_PREC</attalias><attrtype Sync="TRUE">Double</attrtype><attwidth Sync="TRUE">19</attwidth><atprecis Sync="TRUE">18</atprecis><attscale Sync="TRUE">6</attscale></attr><attr><attrlabl>HORZ_PREC</attrlabl><attalias Sync="TRUE">HORZ_PREC</attalias><attrtype Sync="TRUE">Double</attrtype><attwidth Sync="TRUE">19</attwidth><atprecis Sync="TRUE">18</atprecis><attscale Sync="TRUE">6</attscale></attr><attr><attrlabl>STD_DEV</attrlabl><attalias Sync="TRUE">STD_DEV</attalias><attrtype Sync="TRUE">Double</attrtype><attwidth Sync="TRUE">19</attwidth><atprecis Sync="TRUE">18</atprecis><attscale Sync="TRUE">6</attscale></attr><attr><attrlabl>LATITUDE</attrlabl><attalias Sync="TRUE">LATITUDE</attalias><attrtype Sync="TRUE">String</attrtype><attwidth Sync="TRUE">254</attwidth><atprecis Sync="TRUE">0</atprecis><attscale Sync="TRUE">0</attscale></attr><attr><attrlabl>LONGITUDE</attrlabl><attalias Sync="TRUE">LONGITUDE</attalias><attrtype Sync="TRUE">String</attrtype><attwidth Sync="TRUE">254</attwidth><atprecis Sync="TRUE">0</atprecis><attscale Sync="TRUE">0</attscale></attr><attr><attrlabl>SOURCE</attrlabl><attalias Sync="TRUE">SOURCE</attalias><attrtype Sync="TRUE">String</attrtype><attwidth Sync="TRUE">100</attwidth><atprecis Sync="TRUE">0</atprecis><attscale Sync="TRUE">0</attscale></attr><attr><attrlabl>FMSS_ID</attrlabl><attalias Sync="TRUE">FMSS_ID</attalias><attrtype Sync="TRUE">Double</attrtype><attwidth Sync="TRUE">16</attwidth><atprecis Sync="TRUE">16</atprecis><attscale Sync="TRUE">0</attscale></attr><attr><attrlabl>X_COORD</attrlabl><attalias Sync="TRUE">X_COORD</attalias><attrtype Sync="TRUE">Double</attrtype><attwidth Sync="TRUE">19</attwidth><atprecis Sync="TRUE">18</atprecis><attscale Sync="TRUE">5</attscale></attr><attr><attrlabl>Y_COORD</attrlabl><attalias Sync="TRUE">Y_COORD</attalias><attrtype Sync="TRUE">Double</attrtype><attwidth Sync="TRUE">19</attwidth><atprecis Sync="TRUE">18</atprecis><attscale Sync="TRUE">5</attscale></attr><attr><attrlabl>Join_Id</attrlabl><attalias Sync="TRUE">Join_Id</attalias><attrtype Sync="TRUE">String</attrtype><attwidth Sync="TRUE">50</attwidth><atprecis Sync="TRUE">0</atprecis><attscale Sync="TRUE">0</attscale></attr><attr><attrlabl Sync="TRUE">TRAIL_CLUB</attrlabl><attalias Sync="TRUE">TRAIL_CLUB</attalias><attrtype Sync="TRUE">String</attrtype><attwidth Sync="TRUE">100</attwidth><atprecis Sync="TRUE">0</atprecis><attscale Sync="TRUE">0</attscale></attr><attr><attrlabl Sync="TRUE">Town</attrlabl><attalias Sync="TRUE">Town</attalias><attrtype Sync="TRUE">String</attrtype><attwidth Sync="TRUE">50</attwidth><atprecis Sync="TRUE">0</atprecis><attscale Sync="TRUE">0</attscale></attr><attr><attrlabl Sync="TRUE">County</attrlabl><attalias Sync="TRUE">County</attalias><attrtype Sync="TRUE">String</attrtype><attwidth Sync="TRUE">50</attwidth><atprecis Sync="TRUE">0</atprecis><attscale Sync="TRUE">0</attscale></attr><attr><attrlabl Sync="TRUE">State</attrlabl><attalias Sync="TRUE">State</attalias><attrtype Sync="TRUE">String</attrtype><attwidth Sync="TRUE">25</attwidth><atprecis Sync="TRUE">0</atprecis><attscale Sync="TRUE">0</attscale></attr><attr><attrlabl Sync="TRUE">Elev_feet</attrlabl><attalias Sync="TRUE">Elev_feet</attalias><attrtype Sync="TRUE">Double</attrtype><attwidth Sync="TRUE">10</attwidth><atprecis Sync="TRUE">9</atprecis><attscale Sync="TRUE">3</attscale></attr><attr><attrlabl Sync="TRUE">Publish</attrlabl><attalias Sync="TRUE">Publish</attalias><attrtype Sync="TRUE">String</attrtype><attwidth Sync="TRUE">4</attwidth><atprecis Sync="TRUE">0</atprecis><attscale Sync="TRUE">0</attscale></attr><attr><attrlabl Sync="TRUE">Version</attrlabl><attalias Sync="TRUE">Version</attalias><attrtype Sync="TRUE">String</attrtype><attwidth Sync="TRUE">20</attwidth><atprecis Sync="TRUE">0</atprecis><attscale Sync="TRUE">0</attscale></attr></detailed></eainfo><distinfo><distrib><cntinfo><cntorgp><cntorg>Appalachian National Scenic Trail</cntorg><cntper>Matthew C. Robinson</cntper></cntorgp><cntpos>GIS Specialist</cntpos><cntaddr><addrtype>mailing address</addrtype><address>P.O. Box 50</address><city>Harpers Ferry</city><state>West Virginia</state><postal>25425</postal><country>USA</country></cntaddr><cntvoice>(304) 535-6278</cntvoice><cntfax>(304) 535-6270</cntfax><cntemail>Matt_Robinson@nps.gov</cntemail><hours>9-5 EST</hours></cntinfo></distrib><resdesc>This data set was developed to support the A.T. project and the mission and goals of the Appalachian Trail Conservancy and the National Park Service Appalachian Trail Park Office.</resdesc><distliab>Although a large portion of this data is quite accurate, the information depicted in this data set is for general reference purposes only and does not represent legal survey information. The Appalachian Trail Conservancy, the National Park Service Appalachian Trail Park Office, agency partners (including other units of the National Park Service and the USDA Forest Service), and associated trail-maintaining clubs shall not be held liable for improper or incorrect use of the data described and/or contained herein. These data are not legal documents and are not intended to be used as such. 

The information contained in these data is dynamic and may change over time. The data are not better than the original sources from which they were derived. It is the responsibility of the data user to use the data appropriately and consistent with the limitations of geospatial data in general and these data in particular. The related graphics are intended to aid the data user in acquiring relevant data; it is not appropriate to use the related graphics as data. 

The Appalachian Trail Conservancy and National Park Service give no warranty, expressed or implied, as to the accuracy, reliability, or completeness of these data. It is strongly recommended that these data be directly acquired from ATC or NPS and not indirectly through other sources that may have changed the data in some way. Although these data have been processed successfully on a computer system at both the Appalachian Trail Conference and the National Park Service, no warranty expressed or implied is made regarding the utility of the data on another system or for general or scientific purposes, nor shall the act of distribution constitute any such warranty. This disclaimer applies both to individual use of the data and aggregate use with other data.</distliab><stdorder><digform><digtinfo><transize>6.484</transize><dssize Sync="TRUE">0.008</dssize></digtinfo></digform><fees>None</fees><ordering>Refer to http://www.appalachiantrail.org/ or the contact person listed within this metadata for ordering information or instructions.</ordering></stdorder><custom>Refer to http://www.appalachiantrail.org/ or the contact person listed within this metadata for ordering information or instructions.</custom></distinfo><metainfo><metd Sync="TRUE">20110916</metd><metrd>20140407</metrd><metc><cntinfo><cntorgp><cntorg>Appalachian National Scenic Trail</cntorg><cntper>Matthew C. Robinson</cntper></cntorgp><cntpos>GIS Specialist</cntpos><cntaddr><addrtype>mailing address</addrtype><address>P.O. Box 50</address><city>Harpers Ferry</city><state>West Virginia</state><postal>25425</postal><country>USA</country></cntaddr><cntvoice>(304) 535-6278</cntvoice><cntfax>(304) 535-6270</cntfax><cntemail>Matt_Robinson@nps.gov</cntemail><hours>9-5 EST</hours></cntinfo></metc><metstdn Sync="TRUE">FGDC Content Standards for Digital Geospatial Metadata</metstdn><metstdv Sync="TRUE">FGDC-STD-001-1998</metstdv><mettc Sync="TRUE">local time</mettc><metac>None</metac><metuc>None</metuc><metextns><onlink>http://www.esri.com/metadata/esriprof80.html</onlink><metprof>ESRI Metadata Profile</metprof></metextns><metextns><onlink>http://www.esri.com/metadata/esriprof80.html</onlink><metprof>ESRI Metadata Profile</metprof></metextns><metextns><onlink>http://www.esri.com/metadata/esriprof80.html</onlink><metprof>ESRI Metadata Profile</metprof></metextns><metextns><onlink>http://www.esri.com/metadata/esriprof80.html</onlink><metprof>ESRI Metadata Profile</metprof></metextns><langmeta Sync="TRUE">en</langmeta></metainfo><Esri><CreaDate>20140407</CreaDate><CreaTime>14542100</CreaTime><SyncOnce>FALSE</SyncOnce><SyncDate>20140428</SyncDate><SyncTime>17174300</SyncTime><ModDate>20140428</ModDate><ModTime>17174300</ModTime><DataProperties><itemProps><itemName Sync="TRUE">at_shelters_merge</itemName><imsContentType Sync="TRUE">002</imsContentType><itemSize Sync="TRUE">1.501</itemSize><itemLocation><linkage Sync="TRUE">file://\\inpappa122634\AT_GIS\Database\FMSS\2013_Processing\2013_Updated_Feature_Data\2013_Merged_Data\at_shelters_merge.shp</linkage><protocol Sync="TRUE">Local Area Network</protocol></itemLocation></itemProps><coordRef><type Sync="TRUE">Geographic</type><geogcsn Sync="TRUE">GCS_North_American_1983</geogcsn><csUnits Sync="TRUE">Angular Unit: Degree (0.017453)</csUnits><peXml Sync="TRUE">&lt;GeographicCoordinateSystem xsi:type='typens:GeographicCoordinateSystem' xmlns:xsi='http://www.w3.org/2001/XMLSchema-instance' xmlns:xs='http://www.w3.org/2001/XMLSchema' xmlns:typens='http://www.esri.com/schemas/ArcGIS/10.0'&gt;&lt;WKT&gt;GEOGCS[&amp;quot;GCS_North_American_1983&amp;quot;,DATUM[&amp;quot;D_North_American_1983&amp;quot;,SPHEROID[&amp;quot;GRS_1980&amp;quot;,6378137.0,298.257222101]],PRIMEM[&amp;quot;Greenwich&amp;quot;,0.0],UNIT[&amp;quot;Degree&amp;quot;,0.0174532925199433],AUTHORITY[&amp;quot;EPSG&amp;quot;,4269]]&lt;/WKT&gt;&lt;XOrigin&gt;-399.99999999999989&lt;/XOrigin&gt;&lt;YOrigin&gt;-399.99999999999989&lt;/YOrigin&gt;&lt;XYScale&gt;11258999068426.24&lt;/XYScale&gt;&lt;ZOrigin&gt;-100000&lt;/ZOrigin&gt;&lt;ZScale&gt;10000&lt;/ZScale&gt;&lt;MOrigin&gt;-100000&lt;/MOrigin&gt;&lt;MScale&gt;10000&lt;/MScale&gt;&lt;XYTolerance&gt;8.9831528411952117e-009&lt;/XYTolerance&gt;&lt;ZTolerance&gt;0.001&lt;/ZTolerance&gt;&lt;MTolerance&gt;0.001&lt;/MTolerance&gt;&lt;HighPrecision&gt;true&lt;/HighPrecision&gt;&lt;LeftLongitude&gt;-180&lt;/LeftLongitude&gt;&lt;WKID&gt;4269&lt;/WKID&gt;&lt;/GeographicCoordinateSystem&gt;</peXml></coordRef><lineage><Process ToolSource="c:\program files\arcgis\desktop10.0\ArcToolbox\Toolboxes\Data Management Tools.tbx\Merge" Date="20130116" Time="163339">Merge 'A.T. Shelters';2009_2011_Shelter B:\Database\FMSS\2012_processing\2011_data_features_check\2011_Merge\at_shelters_2004_2011.shp "ID "ID" true true false 9 Long 0 9 ,First,#,A.T. Shelters,ID,-1,-1;NAME "NAME" true true false 254 Text 0 0 ,First,#,A.T. Shelters,NAME,-1,-1,2009_2011_Shelter,Name,-1,-1;TYPE "TYPE" true true false 254 Text 0 0 ,First,#,A.T. Shelters,TYPE,-1,-1,2009_2011_Shelter,Type,-1,-1;LENGTH___F "LENGTH___F" true true false 19 Double 6 18 ,First,#,A.T. Shelters,LENGTH___F,-1,-1,2009_2011_Shelter,Length___f,-1,-1;WIDTH___FE "WIDTH___FE" true true false 19 Double 6 18 ,First,#,A.T. Shelters,WIDTH___FE,-1,-1,2009_2011_Shelter,Width___fe,-1,-1;HEIGHT___F "HEIGHT___F" true true false 19 Double 6 18 ,First,#,A.T. Shelters,HEIGHT___F,-1,-1,2009_2011_Shelter,Height___f,-1,-1;FLOOR_SPAC "FLOOR_SPAC" true true false 11 Double 0 11 ,First,#,A.T. Shelters,FLOOR_SPAC,-1,-1,2009_2011_Shelter,Floor_Spac,-1,-1;YEAR_BUILT "YEAR_BUILT" true true false 11 Double 0 11 ,First,#,A.T. Shelters,YEAR_BUILT,-1,-1,2009_2011_Shelter,Year_Built,-1,-1;ROOF "ROOF" true true false 254 Text 0 0 ,First,#,A.T. Shelters,ROOF,-1,-1,2009_2011_Shelter,Roof,-1,-1;ROOF_REPLA "ROOF_REPLA" true true false 11 Double 0 11 ,First,#,A.T. Shelters,ROOF_REPLA,-1,-1,2009_2011_Shelter,Roof_Repla,-1,-1;ACCESSIBLE "ACCESSIBLE" true true false 254 Text 0 0 ,First,#,A.T. Shelters,ACCESSIBLE,-1,-1,2009_2011_Shelter,Accessible,-1,-1;AMENITIES "AMENITIES" true true false 100 Text 0 0 ,First,#,A.T. Shelters,AMENITIES,-1,-1;COMMENTS "COMMENTS" true true false 254 Text 0 0 ,First,#,A.T. Shelters,COMMENTS,-1,-1,2009_2011_Shelter,Comments,-1,-1;MAX_PDOP "MAX_PDOP" true true false 19 Double 6 18 ,First,#,A.T. Shelters,MAX_PDOP,-1,-1,2009_2011_Shelter,Max_PDOP,-1,-1;MAX_HDOP "MAX_HDOP" true true false 19 Double 6 18 ,First,#,A.T. Shelters,MAX_HDOP,-1,-1,2009_2011_Shelter,Max_HDOP,-1,-1;CORR_TYPE "CORR_TYPE" true true false 254 Text 0 0 ,First,#,A.T. Shelters,CORR_TYPE,-1,-1,2009_2011_Shelter,Corr_Type,-1,-1;RCVR_TYPE "RCVR_TYPE" true true false 254 Text 0 0 ,First,#,A.T. Shelters,RCVR_TYPE,-1,-1,2009_2011_Shelter,Rcvr_Type,-1,-1;GPS_DATE "GPS_DATE" true true false 254 Text 0 0 ,First,#,A.T. Shelters,GPS_DATE,-1,-1,2009_2011_Shelter,GPS_Date,-1,-1;GPS_TIME "GPS_TIME" true true false 254 Text 0 0 ,First,#,A.T. Shelters,GPS_TIME,-1,-1,2009_2011_Shelter,GPS_Time,-1,-1;UPDATE_STA "UPDATE_STA" true true false 254 Text 0 0 ,First,#,A.T. Shelters,UPDATE_STA,-1,-1,2009_2011_Shelter,Update_Sta,-1,-1;FEAT_NAME "FEAT_NAME" true true false 254 Text 0 0 ,First,#,A.T. Shelters,FEAT_NAME,-1,-1,2009_2011_Shelter,Feat_Name,-1,-1;DATAFILE "DATAFILE" true true false 254 Text 0 0 ,First,#,A.T. Shelters,DATAFILE,-1,-1,2009_2011_Shelter,Datafile,-1,-1;UNFILT_POS "UNFILT_POS" true true false 11 Double 0 11 ,First,#,A.T. Shelters,UNFILT_POS,-1,-1,2009_2011_Shelter,Unfilt_Pos,-1,-1;FILT_POS "FILT_POS" true true false 11 Double 0 11 ,First,#,A.T. Shelters,FILT_POS,-1,-1,2009_2011_Shelter,Filt_Pos,-1,-1;DATA_DICTI "DATA_DICTI" true true false 254 Text 0 0 ,First,#,A.T. Shelters,DATA_DICTI,-1,-1,2009_2011_Shelter,Data_Dicti,-1,-1;GPS_WEEK "GPS_WEEK" true true false 11 Double 0 11 ,First,#,A.T. Shelters,GPS_WEEK,-1,-1,2009_2011_Shelter,GPS_Week,-1,-1;GPS_SECOND "GPS_SECOND" true true false 19 Double 6 18 ,First,#,A.T. Shelters,GPS_SECOND,-1,-1,2009_2011_Shelter,GPS_Second,-1,-1;GPS_HEIGHT "GPS_HEIGHT" true true false 19 Double 6 18 ,First,#,A.T. Shelters,GPS_HEIGHT,-1,-1,2009_2011_Shelter,GPS_Height,-1,-1;VERT_PREC "VERT_PREC" true true false 19 Double 6 18 ,First,#,A.T. Shelters,VERT_PREC,-1,-1,2009_2011_Shelter,Vert_Prec,-1,-1;HORZ_PREC "HORZ_PREC" true true false 19 Double 6 18 ,First,#,A.T. Shelters,HORZ_PREC,-1,-1,2009_2011_Shelter,Horz_Prec,-1,-1;STD_DEV "STD_DEV" true true false 19 Double 6 18 ,First,#,A.T. Shelters,STD_DEV,-1,-1,2009_2011_Shelter,Std_Dev,-1,-1;LATITUDE "LATITUDE" true true false 254 Text 0 0 ,First,#,A.T. Shelters,LATITUDE,-1,-1,2009_2011_Shelter,Latitude,-1,-1;LONGITUDE "LONGITUDE" true true false 254 Text 0 0 ,First,#,A.T. Shelters,LONGITUDE,-1,-1,2009_2011_Shelter,Longitude,-1,-1;TRAIL_ID "TRAIL_ID" true true false 16 Text 0 0 ,First,#,A.T. Shelters,TRAIL_ID,-1,-1;SOURCE "SOURCE" true true false 100 Text 0 0 ,First,#,A.T. Shelters,SOURCE,-1,-1;ORIG_ID "ORIG_ID" true true false 16 Double 0 16 ,First,#,A.T. Shelters,ORIG_ID,-1,-1;FMSS_ID "FMSS_ID" true true false 16 Double 0 16 ,First,#,A.T. Shelters,FMSS_ID,-1,-1;STATUS "STATUS" true true false 100 Text 0 0 ,First,#,A.T. Shelters,STATUS,-1,-1;CAPACITY "CAPACITY" true true false 16 Double 0 16 ,First,#,A.T. Shelters,CAPACITY,-1,-1;SOURCETHM "SOURCETHM" true true false 16 Text 0 0 ,First,#,A.T. Shelters,SOURCETHM,-1,-1;X_COORD "X_COORD" true true false 19 Double 5 18 ,First,#,A.T. Shelters,X_COORD,-1,-1;Y_COORD "Y_COORD" true true false 19 Double 5 18 ,First,#,A.T. Shelters,Y_COORD,-1,-1;Join_Id "Join_Id" true true false 50 Text 0 0 ,First,#,A.T. Shelters,Join_Id,-1,-1;TRAIL_CLUB "TRAIL_CLUB" true true false 100 Text 0 0 ,First,#,A.T. Shelters,TRAIL_CLUB,-1,-1;Town "Town" true true false 50 Text 0 0 ,First,#,A.T. Shelters,Town,-1,-1;County "County" true true false 50 Text 0 0 ,First,#,A.T. Shelters,County,-1,-1;State "State" true true false 25 Text 0 0 ,First,#,A.T. Shelters,State,-1,-1;Mile_2D "Mile_2D" true true false 11 Double 3 10 ,First,#,A.T. Shelters,Mile_2D,-1,-1;Elev_feet "Elev_feet" true true false 10 Double 3 9 ,First,#,A.T. Shelters,Elev_feet,-1,-1;Publish "Publish" true true false 4 Text 0 0 ,First,#,A.T. Shelters,Publish,-1,-1;Point_ID "Point_ID" true true false 9 Long 0 9 ,First,#,2009_2011_Shelter,Point_ID,-1,-1"</Process><Process ToolSource="c:\program files\arcgis\desktop10.0\ArcToolbox\Toolboxes\Data Management Tools.tbx\Merge" Date="20130222" Time="171530">Merge at_shelters_2004_2011;Shelter_2012 B:\Database\FMSS\2012_processing\2012_updated_feature_data\at_shelters_2004_2012.shp "ID "ID" true true false 9 Long 0 9 ,First,#,at_shelters_2004_2011,ID,-1,-1;NAME "NAME" true true false 254 Text 0 0 ,First,#,at_shelters_2004_2011,NAME,-1,-1,Shelter_2012,Name,-1,-1;TYPE "TYPE" true true false 254 Text 0 0 ,First,#,at_shelters_2004_2011,TYPE,-1,-1,Shelter_2012,Type,-1,-1;LENGTH___F "LENGTH___F" true true false 19 Double 6 18 ,First,#,at_shelters_2004_2011,LENGTH___F,-1,-1,Shelter_2012,Length___f,-1,-1;WIDTH___FE "WIDTH___FE" true true false 19 Double 6 18 ,First,#,at_shelters_2004_2011,WIDTH___FE,-1,-1,Shelter_2012,Width___fe,-1,-1;HEIGHT___F "HEIGHT___F" true true false 19 Double 6 18 ,First,#,at_shelters_2004_2011,HEIGHT___F,-1,-1,Shelter_2012,Height___f,-1,-1;FLOOR_SPAC "FLOOR_SPAC" true true false 11 Double 0 11 ,First,#,at_shelters_2004_2011,FLOOR_SPAC,-1,-1,Shelter_2012,Floor_Spac,-1,-1;YEAR_BUILT "YEAR_BUILT" true true false 11 Double 0 11 ,First,#,at_shelters_2004_2011,YEAR_BUILT,-1,-1,Shelter_2012,Year_Built,-1,-1;ROOF "ROOF" true true false 254 Text 0 0 ,First,#,at_shelters_2004_2011,ROOF,-1,-1,Shelter_2012,Roof,-1,-1;ROOF_REPLA "ROOF_REPLA" true true false 11 Double 0 11 ,First,#,at_shelters_2004_2011,ROOF_REPLA,-1,-1,Shelter_2012,Roof_Repla,-1,-1;ACCESSIBLE "ACCESSIBLE" true true false 254 Text 0 0 ,First,#,at_shelters_2004_2011,ACCESSIBLE,-1,-1,Shelter_2012,Accessible,-1,-1;AMENITIES "AMENITIES" true true false 100 Text 0 0 ,First,#,at_shelters_2004_2011,AMENITIES,-1,-1;COMMENTS "COMMENTS" true true false 254 Text 0 0 ,First,#,at_shelters_2004_2011,COMMENTS,-1,-1,Shelter_2012,Comments,-1,-1;MAX_PDOP "MAX_PDOP" true true false 19 Double 6 18 ,First,#,at_shelters_2004_2011,MAX_PDOP,-1,-1,Shelter_2012,Max_PDOP,-1,-1;MAX_HDOP "MAX_HDOP" true true false 19 Double 6 18 ,First,#,at_shelters_2004_2011,MAX_HDOP,-1,-1,Shelter_2012,Max_HDOP,-1,-1;CORR_TYPE "CORR_TYPE" true true false 254 Text 0 0 ,First,#,at_shelters_2004_2011,CORR_TYPE,-1,-1,Shelter_2012,Corr_Type,-1,-1;RCVR_TYPE "RCVR_TYPE" true true false 254 Text 0 0 ,First,#,at_shelters_2004_2011,RCVR_TYPE,-1,-1,Shelter_2012,Rcvr_Type,-1,-1;GPS_DATE "GPS_DATE" true true false 254 Text 0 0 ,First,#,at_shelters_2004_2011,GPS_DATE,-1,-1,Shelter_2012,GPS_Date,-1,-1;GPS_TIME "GPS_TIME" true true false 254 Text 0 0 ,First,#,at_shelters_2004_2011,GPS_TIME,-1,-1,Shelter_2012,GPS_Time,-1,-1;UPDATE_STA "UPDATE_STA" true true false 254 Text 0 0 ,First,#,at_shelters_2004_2011,UPDATE_STA,-1,-1,Shelter_2012,Update_Sta,-1,-1;FEAT_NAME "FEAT_NAME" true true false 254 Text 0 0 ,First,#,at_shelters_2004_2011,FEAT_NAME,-1,-1,Shelter_2012,Feat_Name,-1,-1;DATAFILE "DATAFILE" true true false 254 Text 0 0 ,First,#,at_shelters_2004_2011,DATAFILE,-1,-1,Shelter_2012,Datafile,-1,-1;UNFILT_POS "UNFILT_POS" true true false 11 Double 0 11 ,First,#,at_shelters_2004_2011,UNFILT_POS,-1,-1,Shelter_2012,Unfilt_Pos,-1,-1;FILT_POS "FILT_POS" true true false 11 Double 0 11 ,First,#,at_shelters_2004_2011,FILT_POS,-1,-1,Shelter_2012,Filt_Pos,-1,-1;DATA_DICTI "DATA_DICTI" true true false 254 Text 0 0 ,First,#,at_shelters_2004_2011,DATA_DICTI,-1,-1,Shelter_2012,Data_Dicti,-1,-1;GPS_WEEK "GPS_WEEK" true true false 11 Double 0 11 ,First,#,at_shelters_2004_2011,GPS_WEEK,-1,-1,Shelter_2012,GPS_Week,-1,-1;GPS_SECOND "GPS_SECOND" true true false 19 Double 6 18 ,First,#,at_shelters_2004_2011,GPS_SECOND,-1,-1,Shelter_2012,GPS_Second,-1,-1;GPS_HEIGHT "GPS_HEIGHT" true true false 19 Double 6 18 ,First,#,at_shelters_2004_2011,GPS_HEIGHT,-1,-1;VERT_PREC "VERT_PREC" true true false 19 Double 6 18 ,First,#,at_shelters_2004_2011,VERT_PREC,-1,-1,Shelter_2012,Vert_Prec,-1,-1;HORZ_PREC "HORZ_PREC" true true false 19 Double 6 18 ,First,#,at_shelters_2004_2011,HORZ_PREC,-1,-1,Shelter_2012,Horz_Prec,-1,-1;STD_DEV "STD_DEV" true true false 19 Double 6 18 ,First,#,at_shelters_2004_2011,STD_DEV,-1,-1,Shelter_2012,Std_Dev,-1,-1;LATITUDE "LATITUDE" true true false 254 Text 0 0 ,First,#,at_shelters_2004_2011,LATITUDE,-1,-1,Shelter_2012,Latitude,-1,-1;LONGITUDE "LONGITUDE" true true false 254 Text 0 0 ,First,#,at_shelters_2004_2011,LONGITUDE,-1,-1,Shelter_2012,Longitude,-1,-1;TRAIL_ID "TRAIL_ID" true true false 16 Text 0 0 ,First,#,at_shelters_2004_2011,TRAIL_ID,-1,-1;SOURCE "SOURCE" true true false 100 Text 0 0 ,First,#,at_shelters_2004_2011,SOURCE,-1,-1;ORIG_ID "ORIG_ID" true true false 16 Double 0 16 ,First,#,at_shelters_2004_2011,ORIG_ID,-1,-1;FMSS_ID "FMSS_ID" true true false 16 Double 0 16 ,First,#,at_shelters_2004_2011,FMSS_ID,-1,-1;STATUS "STATUS" true true false 100 Text 0 0 ,First,#,at_shelters_2004_2011,STATUS,-1,-1;CAPACITY "CAPACITY" true true false 16 Double 0 16 ,First,#,at_shelters_2004_2011,CAPACITY,-1,-1;SOURCETHM "SOURCETHM" true true false 16 Text 0 0 ,First,#,at_shelters_2004_2011,SOURCETHM,-1,-1;X_COORD "X_COORD" true true false 19 Double 5 18 ,First,#,at_shelters_2004_2011,X_COORD,-1,-1;Y_COORD "Y_COORD" true true false 19 Double 5 18 ,First,#,at_shelters_2004_2011,Y_COORD,-1,-1;Join_Id "Join_Id" true true false 50 Text 0 0 ,First,#,at_shelters_2004_2011,Join_Id,-1,-1;TRAIL_CLUB "TRAIL_CLUB" true true false 100 Text 0 0 ,First,#,at_shelters_2004_2011,TRAIL_CLUB,-1,-1;Town "Town" true true false 50 Text 0 0 ,First,#,at_shelters_2004_2011,Town,-1,-1;County "County" true true false 50 Text 0 0 ,First,#,at_shelters_2004_2011,County,-1,-1;State "State" true true false 25 Text 0 0 ,First,#,at_shelters_2004_2011,State,-1,-1;Mile_2D "Mile_2D" true true false 11 Double 3 10 ,First,#,at_shelters_2004_2011,Mile_2D,-1,-1;Elev_feet "Elev_feet" true true false 10 Double 3 9 ,First,#,at_shelters_2004_2011,Elev_feet,-1,-1;Publish "Publish" true true false 4 Text 0 0 ,First,#,at_shelters_2004_2011,Publish,-1,-1;Point_ID "Point_ID" true true false 9 Long 0 9 ,First,#,at_shelters_2004_2011,Point_ID,-1,-1,Shelter_2012,Point_ID,-1,-1;GNSS_Heigh "GNSS_Heigh" true true false 16 Double 3 15 ,First,#,Shelter_2012,GNSS_Heigh,-1,-1"</Process><Process ToolSource="C:\Program Files\ArcGIS\Desktop10.0\ArcToolbox\Toolboxes\Data Management Tools.tbx\CalculateField" Date="20130315" Time="113211">CalculateField at_shelters STATUS "Hut" VB #</Process><Process ToolSource="C:\Program Files\ArcGIS\Desktop10.0\ArcToolbox\Toolboxes\Data Management Tools.tbx\CalculateField" Date="20130523" Time="154623">CalculateField at_shelters X_COORD [X] VB #</Process><Process ToolSource="C:\Program Files\ArcGIS\Desktop10.0\ArcToolbox\Toolboxes\Data Management Tools.tbx\CalculateField" Date="20130523" Time="154632">CalculateField at_shelters Y_COORD [Y] VB #</Process><Process ToolSource="C:\Program Files\ArcGIS\Desktop10.0\ArcToolbox\Toolboxes\Data Management Tools.tbx\CalculateField" Date="20130523" Time="154723">CalculateField at_shelters TRAIL_CLUB "Appalachian Mountain Club" VB #</Process><Process ToolSource="C:\Program Files\ArcGIS\Desktop10.0\ArcToolbox\Toolboxes\Data Management Tools.tbx\CalculateField" Date="20130523" Time="154750">CalculateField at_shelters TRAIL_CLUB "OTHER" VB #</Process><Process ToolSource="C:\Program Files\ArcGIS\Desktop10.0\ArcToolbox\Toolboxes\Data Management Tools.tbx\CalculateField" Date="20130523" Time="155010">CalculateField at_shelters GPS_HEIGHT [GNSS_Heigh] VB #</Process><Process ToolSource="c:\program files (x86)\arcgis\desktop10.0\ArcToolbox\Toolboxes\Data Management Tools.tbx\Merge" Date="20140306" Time="121809">Merge at_shelters;'2013 Features\shelters_2013' B:\Database\FMSS\2013_Processing\2013_Updated_Feature_Data\2013_Merged_Data\at_shelters_merge.shp "ID "ID" true true false 9 Long 0 9 ,First,#,at_shelters,ID,-1,-1;NAME "NAME" true true false 254 Text 0 0 ,First,#,at_shelters,NAME,-1,-1,2013 Features\shelters_2013,Name,-1,-1;TYPE "TYPE" true true false 254 Text 0 0 ,First,#,at_shelters,TYPE,-1,-1,2013 Features\shelters_2013,Type,-1,-1;LENGTH___F "LENGTH___F" true true false 19 Double 6 18 ,First,#,at_shelters,LENGTH___F,-1,-1,2013 Features\shelters_2013,Length___f,-1,-1;WIDTH___FE "WIDTH___FE" true true false 19 Double 6 18 ,First,#,at_shelters,WIDTH___FE,-1,-1,2013 Features\shelters_2013,Width___fe,-1,-1;HEIGHT___F "HEIGHT___F" true true false 19 Double 6 18 ,First,#,at_shelters,HEIGHT___F,-1,-1,2013 Features\shelters_2013,Height___f,-1,-1;FLOOR_SPAC "FLOOR_SPAC" true true false 11 Double 0 11 ,First,#,at_shelters,FLOOR_SPAC,-1,-1,2013 Features\shelters_2013,Floor_Spac,-1,-1;YEAR_BUILT "YEAR_BUILT" true true false 11 Double 0 11 ,First,#,at_shelters,YEAR_BUILT,-1,-1,2013 Features\shelters_2013,Year_Built,-1,-1;ROOF "ROOF" true true false 254 Text 0 0 ,First,#,at_shelters,ROOF,-1,-1,2013 Features\shelters_2013,Roof,-1,-1;ROOF_REPLA "ROOF_REPLA" true true false 11 Double 0 11 ,First,#,at_shelters,ROOF_REPLA,-1,-1,2013 Features\shelters_2013,Roof_Repla,-1,-1;ACCESSIBLE "ACCESSIBLE" true true false 254 Text 0 0 ,First,#,at_shelters,ACCESSIBLE,-1,-1,2013 Features\shelters_2013,Accessible,-1,-1;AMENITIES "AMENITIES" true true false 100 Text 0 0 ,First,#,at_shelters,AMENITIES,-1,-1;COMMENTS "COMMENTS" true true false 254 Text 0 0 ,First,#,at_shelters,COMMENTS,-1,-1,2013 Features\shelters_2013,Comments,-1,-1;MAX_PDOP "MAX_PDOP" true true false 19 Double 6 18 ,First,#,at_shelters,MAX_PDOP,-1,-1,2013 Features\shelters_2013,Max_PDOP,-1,-1;MAX_HDOP "MAX_HDOP" true true false 19 Double 6 18 ,First,#,at_shelters,MAX_HDOP,-1,-1,2013 Features\shelters_2013,Max_HDOP,-1,-1;CORR_TYPE "CORR_TYPE" true true false 254 Text 0 0 ,First,#,at_shelters,CORR_TYPE,-1,-1,2013 Features\shelters_2013,Corr_Type,-1,-1;RCVR_TYPE "RCVR_TYPE" true true false 254 Text 0 0 ,First,#,at_shelters,RCVR_TYPE,-1,-1,2013 Features\shelters_2013,Rcvr_Type,-1,-1;GPS_DATE "GPS_DATE" true true false 254 Text 0 0 ,First,#,at_shelters,GPS_DATE,-1,-1,2013 Features\shelters_2013,GPS_Date,-1,-1;GPS_TIME "GPS_TIME" true true false 254 Text 0 0 ,First,#,at_shelters,GPS_TIME,-1,-1,2013 Features\shelters_2013,GPS_Time,-1,-1;UPDATE_STA "UPDATE_STA" true true false 254 Text 0 0 ,First,#,at_shelters,UPDATE_STA,-1,-1,2013 Features\shelters_2013,Update_Sta,-1,-1;FEAT_NAME "FEAT_NAME" true true false 254 Text 0 0 ,First,#,at_shelters,FEAT_NAME,-1,-1,2013 Features\shelters_2013,Feat_Name,-1,-1;DATAFILE "DATAFILE" true true false 254 Text 0 0 ,First,#,at_shelters,DATAFILE,-1,-1,2013 Features\shelters_2013,Datafile,-1,-1;UNFILT_POS "UNFILT_POS" true true false 11 Double 0 11 ,First,#,at_shelters,UNFILT_POS,-1,-1,2013 Features\shelters_2013,Unfilt_Pos,-1,-1;FILT_POS "FILT_POS" true true false 11 Double 0 11 ,First,#,at_shelters,FILT_POS,-1,-1,2013 Features\shelters_2013,Filt_Pos,-1,-1;DATA_DICTI "DATA_DICTI" true true false 254 Text 0 0 ,First,#,at_shelters,DATA_DICTI,-1,-1,2013 Features\shelters_2013,Data_Dicti,-1,-1;GPS_WEEK "GPS_WEEK" true true false 11 Double 0 11 ,First,#,at_shelters,GPS_WEEK,-1,-1,2013 Features\shelters_2013,GPS_Week,-1,-1;GPS_SECOND "GPS_SECOND" true true false 19 Double 6 18 ,First,#,at_shelters,GPS_SECOND,-1,-1,2013 Features\shelters_2013,GPS_Second,-1,-1;GPS_HEIGHT "GPS_HEIGHT" true true false 19 Double 6 18 ,First,#,at_shelters,GPS_HEIGHT,-1,-1;VERT_PREC "VERT_PREC" true true false 19 Double 6 18 ,First,#,at_shelters,VERT_PREC,-1,-1,2013 Features\shelters_2013,Vert_Prec,-1,-1;HORZ_PREC "HORZ_PREC" true true false 19 Double 6 18 ,First,#,at_shelters,HORZ_PREC,-1,-1,2013 Features\shelters_2013,Horz_Prec,-1,-1;STD_DEV "STD_DEV" true true false 19 Double 6 18 ,First,#,at_shelters,STD_DEV,-1,-1,2013 Features\shelters_2013,Std_Dev,-1,-1;LATITUDE "LATITUDE" true true false 254 Text 0 0 ,First,#,at_shelters,LATITUDE,-1,-1,2013 Features\shelters_2013,Latitude,-1,-1;LONGITUDE "LONGITUDE" true true false 254 Text 0 0 ,First,#,at_shelters,LONGITUDE,-1,-1,2013 Features\shelters_2013,Longitude,-1,-1;SOURCE "SOURCE" true true false 100 Text 0 0 ,First,#,at_shelters,SOURCE,-1,-1;FMSS_ID "FMSS_ID" true true false 16 Double 0 16 ,First,#,at_shelters,FMSS_ID,-1,-1;STATUS "STATUS" true true false 100 Text 0 0 ,First,#,at_shelters,STATUS,-1,-1;CAPACITY "CAPACITY" true true false 16 Double 0 16 ,First,#,at_shelters,CAPACITY,-1,-1;SOURCETHM "SOURCETHM" true true false 16 Text 0 0 ,First,#,at_shelters,SOURCETHM,-1,-1;X_COORD "X_COORD" true true false 19 Double 5 18 ,First,#,at_shelters,X_COORD,-1,-1;Y_COORD "Y_COORD" true true false 19 Double 5 18 ,First,#,at_shelters,Y_COORD,-1,-1;Join_Id "Join_Id" true true false 50 Text 0 0 ,First,#,at_shelters,Join_Id,-1,-1;TRAIL_CLUB "TRAIL_CLUB" true true false 100 Text 0 0 ,First,#,at_shelters,TRAIL_CLUB,-1,-1;Town "Town" true true false 50 Text 0 0 ,First,#,at_shelters,Town,-1,-1;County "County" true true false 50 Text 0 0 ,First,#,at_shelters,County,-1,-1;State "State" true true false 25 Text 0 0 ,First,#,at_shelters,State,-1,-1;Elev_feet "Elev_feet" true true false 10 Double 3 9 ,First,#,at_shelters,Elev_feet,-1,-1;Publish "Publish" true true false 4 Text 0 0 ,First,#,at_shelters,Publish,-1,-1;GNSS_Heigh "GNSS_Heigh" true true false 16 Double 3 15 ,First,#,2013 Features\shelters_2013,GNSS_Heigh,-1,-1;Point_ID "Point_ID" true true false 9 Long 0 9 ,First,#,2013 Features\shelters_2013,Point_ID,-1,-1"</Process><Process ToolSource="C:\Program Files (x86)\ArcGIS\Desktop10.0\ArcToolbox\Toolboxes\Data Management Tools.tbx\CalculateField" Date="20140306" Time="131517">CalculateField at_shelters_merge X_COORD [LONGITUDE] VB #</Process><Process ToolSource="C:\Program Files (x86)\ArcGIS\Desktop10.0\ArcToolbox\Toolboxes\Data Management Tools.tbx\CalculateField" Date="20140306" Time="131528">CalculateField at_shelters_merge Y_COORD [LATITUDE] VB #</Process><Process ToolSource="C:\Program Files (x86)\ArcGIS\Desktop10.0\ArcToolbox\Toolboxes\Data Management Tools.tbx\CalculateField" Date="20140306" Time="150137">CalculateField at_shelters_merge GPS_HEIGHT [GNSS_Heigh] VB #</Process><Process ToolSource="C:\Program Files (x86)\ArcGIS\Desktop10.0\ArcToolbox\Toolboxes\Data Management Tools.tbx\CalculateField" Date="20140306" Time="150309">CalculateField at_shelters_merge Version "03/06/2014" VB #</Process><Process ToolSource="C:\Program Files (x86)\ArcGIS\Desktop10.0\ArcToolbox\Toolboxes\Data Management Tools.tbx\CalculateField" Date="20140306" Time="150338">CalculateField at_shelters_merge Version "05/23/2013" VB #</Process><Process ToolSource="C:\Program Files (x86)\ArcGIS\Desktop10.0\ArcToolbox\Toolboxes\Data Management Tools.tbx\CalculateField" Date="20140306" Time="153245">CalculateField at_shelters_merge Version "03/06/2014" VB #</Process><Process ToolSource="C:\Program Files (x86)\ArcGIS\Desktop10.0\ArcToolbox\Toolboxes\Data Management Tools.tbx\CalculateField" Date="20140409" Time="173835">CalculateField at_shelters Version "04/07/2014" VB #</Process><Process ToolSource="c:\program files (x86)\arcgis\desktop10.2\ArcToolbox\Toolboxes\Data Management Tools.tbx\CalculateField" Date="20141203" Time="160143">CalculateField at_shelters Adjustment "Adjusted based on 2012" VB #</Process><Process ToolSource="c:\program files (x86)\arcgis\desktop10.2\ArcToolbox\Toolboxes\Data Management Tools.tbx\CalculateField" Date="20141215" Time="143307">CalculateField at_shelters Version "12/15/2014" VB #</Process><Process ToolSource="c:\program files (x86)\arcgis\desktop10.2\ArcToolbox\Toolboxes\Data Management Tools.tbx\CalculateField" Date="20150112" Time="153849">CalculateField at_shelters Version "01/12/2015" VB #</Process></lineage></DataProperties><ArcGISFormat>1.0</ArcGISFormat><ArcGISstyle>XTools Pro Metadata</ArcGISstyle></Esri><dataIdInfo><envirDesc Sync="TRUE">Microsoft Windows 7 Version 6.1 (Build 7601) Service Pack 1; ESRI ArcGIS 10.0.5.4400</envirDesc><dataLang><languageCode Sync="TRUE" value="eng"></languageCode><countryCode value="USA" Sync="TRUE"></countryCode></dataLang><idCitation><resTitle Sync="TRUE">at_shelters_merge</resTitle><presForm><PresFormCd Sync="TRUE" value="005"></PresFormCd></presForm></idCitation><spatRpType><SpatRepTypCd Sync="TRUE" value="001"></SpatRepTypCd></spatRpType><dataExt><geoEle><GeoBndBox esriExtentType="native"><westBL Sync="TRUE">-84.200096</westBL><eastBL Sync="TRUE">-68.999124</eastBL><northBL Sync="TRUE">45.88693</northBL><southBL Sync="TRUE">34.617648</southBL><exTypeCode Sync="TRUE">1</exTypeCode></GeoBndBox></geoEle></dataExt><geoBox esriExtentType="decdegrees"><westBL Sync="TRUE">-84.200096</westBL><eastBL Sync="TRUE">-68.999124</eastBL><northBL Sync="TRUE">45.88693</northBL><southBL Sync="TRUE">34.617648</southBL><exTypeCode Sync="TRUE">1</exTypeCode></geoBox></dataIdInfo><mdLang><languageCode Sync="TRUE" value="eng"></languageCode><countryCode value="USA" Sync="TRUE"></countryCode></mdLang><mdStanName Sync="TRUE">ISO 19115 Geographic Information - Metadata</mdStanName><mdStanVer Sync="TRUE">DIS_ESRI1.0</mdStanVer><mdChar><CharSetCd Sync="TRUE" value="006"></CharSetCd></mdChar><mdHrLv><ScopeCd Sync="TRUE" value="005"></ScopeCd></mdHrLv><mdHrLvName Sync="TRUE">dataset</mdHrLvName><distInfo><distributor><distorTran><onLineSrc><orDesc Sync="TRUE">002</orDesc><linkage Sync="TRUE">file://\\inp2490gis1\AT_GIS\Data\Trail\Features\at_shelters.shp</linkage><protocol Sync="TRUE">Local Area Network</protocol></onLineSrc><transSize Sync="TRUE">0.008</transSize></distorTran><distorFormat><formatName Sync="TRUE">Shapefile</formatName></distorFormat></distributor><distFormat><formatName Sync="TRUE">Shapefile</formatName></distFormat><distTranOps><transSize Sync="TRUE">1.501</transSize></distTranOps></distInfo><refSysInfo><RefSystem><refSysID><identCode Sync="TRUE" value="4269">GCS_North_American_1983</identCode><idCodeSpace Sync="TRUE">EPSG</idCodeSpace><idVersion Sync="TRUE">7.4.1</idVersion></refSysID></RefSystem></refSysInfo><spatRepInfo><VectSpatRep><geometObjs Name="at_shelters"><geoObjTyp><GeoObjTypCd value="004" Sync="TRUE"></GeoObjTypCd></geoObjTyp><geoObjCnt Sync="TRUE">318</geoObjCnt></geometObjs><topLvl><TopoLevCd value="001" Sync="TRUE"></TopoLevCd></topLvl></VectSpatRep></spatRepInfo><mdDateSt Sync="TRUE">20140306</mdDateSt></metadata>
