<?xml version="1.0" encoding="UTF-8"?>
<metadata><idinfo><citation><citeinfo><pubdate>04/07/2014</pubdate><title>Parking along the Appalachian National Scenic Trail</title><edition>First</edition><geoform Sync="TRUE">vector digital data</geoform><pubinfo><pubplace>Harpers Ferry, WV</pubplace><publish>Appalachian Trail Conservancy</publish></pubinfo><ftname Sync="TRUE">at_parking</ftname><pubtime>17:17</pubtime><origin>National Park Service Appalachian Trail Park Office and Appalachian Trail Conservancy</origin><onlink>http://www.appalachiantrail.org/</onlink><serinfo/><lworkcit><citeinfo><title></title><pubdate></pubdate><pubinfo/><serinfo/></citeinfo></lworkcit></citeinfo></citation><descript><abstract>This data set depicts parking areas along the Appalachian National Scenic Trail. It is not comprehensive, but represents all parking areas that we currently have on file. 

Locational information used to create this data set were obtained from Global Positioning Systems (GPS) survey data collected between 1999-2013 using mostly Trimble GPS equipment.</abstract><purpose>This data set was developed to provide a depiction of parking areas along the Appalachian National Scenic Trail in an usable and easily transferable format between parties so that it can correctly be represented on digital and printed maps; to assist staff members, agency partners, and trail-maintaining clubs with trail and land management duties; and to help local planning agencies, telecommunications companies, and other groups with planning activities, such as siting new developments that could have a substantial impact on the scenic quality of the Appalachian Trail.</purpose><supplinf>The Appalachian National Scenic Trail is a footpath over 2,170 miles in length that traverses the Appalachian Mountains from Maine to Georgia. It passes through 14 states and approximately 241 jurisdictions, and links some 75 national and state parks and forests.  Virtually every mile is within easy access of a major population center and some portion of the trail is within a day's drive of 2/3rds of the U.S. population. 

The idea for an Appalachian Trail was conceived by forester Benton MacKaye in 1921. In 1925, he formed the Appalachian Trail Conference (now called the Appalachian Trail Conservancy), a private not-for-profit organization whose mission is to protect, preserve, manage, and promote the Appalachian Trail. By 1937, an Appalachian Trail footpath was considered complete and open for all to enjoy. In 1968, Congress passed the National Scenic Trails Act that created a system of national scenic trails, starting with the Appalachian Trail and Pacific Crest Trail. 

Though part of the national park system, the Appalachian Trail has largely remained managed by the Appalachian Trail Conservancy (formally called the Appalachian Trail Conference). This responsibility was formally delegated by the Department of the Interior in 1984. Today, the trail and its associated lands are managed by the Appalachian Trail Conservancy, its 31 affiliated trail clubs, and the National Park Service Appalachian Trail Park Office, in conjunction with several agency partners including the USDA Forest Service and numerous state park and state forest agencies.</supplinf><langdata Sync="TRUE">en</langdata></descript><timeperd><timeinfo><rngdates><begdate>20010301</begdate><enddate>20140407</enddate></rngdates></timeinfo><current>publication date</current></timeperd><status><progress>Ongoing</progress><update>As needed</update></status><spdom><bounding><westbc Sync="TRUE">914906.406184483</westbc><eastbc Sync="TRUE">2425973.3422063</eastbc><northbc Sync="TRUE">2841610.90705907</northbc><southbc Sync="TRUE">1352871.37583872</southbc></bounding><lboundng><leftbc Sync="TRUE">-84.194996</leftbc><rightbc Sync="TRUE">-68.961081</rightbc><bottombc Sync="TRUE">34.637738</bottombc><topbc Sync="TRUE">45.890806</topbc></lboundng></spdom><keywords><theme><themekt>REQUIRED: Reference to a formally registered thesaurus or a similar authoritative source of theme keywords.</themekt><themekey>Appalachian National Scenic Trail Parking</themekey><themekey>Appalachian Trail Parking</themekey><themekey>A.T. National Scenic Trail Parking</themekey><themekey>A.T. Parking</themekey><themekey>AT Parking</themekey><themekey>A.T. GPS Parking</themekey><themekey>Appalachian Trail Parking Areas</themekey></theme><place><placekey>Appalachian National Scenic Trail</placekey><placekey>Appalachian Trail</placekey><placekey>A.T.</placekey><placekey>AT</placekey><placekey>ME-GA</placekey><placekey>ME</placekey><placekey>NH</placekey><placekey>VT</placekey><placekey>MA</placekey><placekey>CT</placekey><placekey>NY</placekey><placekey>NJ</placekey><placekey>PA</placekey><placekey>MD</placekey><placekey>WV</placekey><placekey>VA</placekey><placekey>TN</placekey><placekey>NC</placekey><placekey>GA</placekey></place></keywords><accconst>It is asked that proper citation (credit: National Park Service Appalachian Trail Park Office and Appalachian Trail Conservancy) be used on any materials (digital or printed) in which this information appears.</accconst><useconst>Although a large portion of this data is quite accurate, the information depicted in this data set is for general reference purposes only and does not represent legal survey information. The Appalachian Trail Conservancy, the National Park Service Appalachian Trail Park Office, agency partners (including other units of the National Park Service and the USDA Forest Service), and associated trail-maintaining clubs shall not be held responsible for use or misuse of this data. Please see the Distribution_Liability section for more detailed information.</useconst><ptcontac><cntinfo><cntperp><cntper>Matthew C. Robinson</cntper><cntorg>Appalachian National Scenic Trail</cntorg></cntperp><cntpos>GIS Specialist</cntpos><cntaddr><addrtype>mailing address</addrtype><address>P.O. Box 50</address><city>Harpers Ferry</city><state>West Virginia</state><postal>25425</postal><country>USA</country></cntaddr><cntvoice>(304) 535-6278</cntvoice><cntfax>(304) 535-6270</cntfax><cntemail>Matt_Robinson@nps.gov</cntemail><hours>9-5 EST</hours></cntinfo></ptcontac><datacred>National Park Service Appalachian Trail Park Office and Appalachian Trail Conservancy</datacred><native Sync="TRUE">Microsoft Windows 7 Version 6.1 (Build 7601) Service Pack 1; ESRI ArcGIS 10.0.5.4400</native><natvform Sync="TRUE">Shapefile</natvform></idinfo><dataqual><attracc></attracc><logic>Information within this data set are considered to be logically consistent, though no formal tests were performed.</logic><complete>The Appalachian National Scenic Trail parking data was created from high accuracy Global Positioning System (GPS) data collected by Dr. Vernon Vernier (1999-2003), Karl Hartzell and John Fletcher (2005), and A.T. staff members (2001-2013), using Trimble GPS equipment, as well as some supplemental data from trail partners. 

As more accurate and up-to-date information is collected or becomes available, it will be incorporated within, or used to update, the current data set.</complete><posacc><horizpa><horizpar>All portions of the data meet National Mapping Standards of +/- 46.5 feet horizontal accuracy at a 95% confidence level.</horizpar></horizpa><vertacc><vertaccr>Not available.</vertaccr></vertacc></posacc><lineage><procstep><procdesc>The Appalachian National Scenic Trail parking data was created from high accuracy Global Positioning System (GPS) data collected by Dr. Vernon Vernier (1999-2003), Karl Hartzell and John Fletcher (2005), and A.T. staff members (2001-2013), using Trimble GPS equipment, as well as some supplemental data from trail partners. 

As more accurate and up-to-date information is collected or becomes available, it will be incorporated within, or used to update, the current data set.</procdesc><procdate>20010301-20140407</procdate></procstep><procstep><procdesc>Metadata imported.</procdesc><srcused>G:\Temp\xml2CE.tmp</srcused></procstep><procstep><procdesc>Dataset copied.</procdesc><srcused></srcused></procstep><procstep><procdesc>Dataset copied.</procdesc><srcused></srcused></procstep><procstep><procdesc>Dataset copied.</procdesc><srcused></srcused><procdate>20140407</procdate><proctime>16043500</proctime></procstep><procstep><procdesc>Dataset copied.</procdesc><srcused></srcused><procdate>20140407</procdate><proctime>16050200</proctime></procstep><procstep><procdesc>Metadata imported.</procdesc><srcused>C:\DOCUME~1\MROBIN~1\LOCALS~1\Temp\xml38ED.tmp</srcused><procdate>20110411</procdate><proctime>14041000</proctime></procstep><procstep><procdesc>Metadata imported.</procdesc><srcused>C:\DOCUME~1\MROBIN~1\LOCALS~1\Temp\xml707B.tmp</srcused><procdate>20110426</procdate><proctime>14461800</proctime></procstep><procstep><procdesc>Metadata imported.</procdesc><srcused>B:\Data\Trail\Features\bridges.shp.xml</srcused><procdate>20110426</procdate><proctime>15054200</proctime></procstep><procstep><procdesc>Metadata imported.</procdesc><srcused>B:\Data\Trail\Features\campsites.shp.xml</srcused><procdate>20110427</procdate><proctime>12110600</proctime></procstep><procstep><procdesc>Dataset copied.</procdesc><srcused></srcused><procdate>20110506</procdate><proctime>10435200</proctime></procstep><procstep><procdesc Sync="TRUE">Metadata imported.</procdesc><srcused Sync="TRUE">B:\Data\Trail\Features\parking.xml</srcused><procdate Sync="TRUE">20110729</procdate><proctime Sync="TRUE">16113500</proctime></procstep><srcinfo><srcscale>1:5,000</srcscale><typesrc>CD-ROM</typesrc><srccitea>ATC and NPS ATPO</srccitea><srccontr>Information used in compiling this data set was collected and contributed by Dr. Vernon Vernier (1999-2003), Karl Hartzell and John Fletcher (2005), and A.T. staff members (2001-2013), with some supplemental data from trail partners.</srccontr><srccite><citeinfo><title>Appalachian National Scenic Trail Centerline</title><pubdate>04/07/2014</pubdate><pubtime>17:18</pubtime><edition>2014</edition><geoform>vector digital data</geoform><origin>National Park Service Appalachian Trail Park Office and Appalachian Trail Conservancy</origin><onlink>http://www.appalachiantrail.org/</onlink><pubinfo><publish>Appalachian Trail Conservancy</publish><pubplace>Harpers Ferry, WV</pubplace></pubinfo><serinfo/><lworkcit><citeinfo><title></title><pubdate></pubdate><pubinfo/><serinfo/></citeinfo></lworkcit></citeinfo></srccite><srctime><srccurr>publication date</srccurr><timeinfo/></srctime></srcinfo></lineage></dataqual><spdoinfo><direct Sync="TRUE">Vector</direct><ptvctinf><esriterm Name="at_parking_RIP_cleaned_up_and_joined3"><efeatyp Sync="TRUE">Simple</efeatyp><efeageom code="1" Sync="TRUE"></efeageom><esritopo Sync="TRUE">FALSE</esritopo><efeacnt Sync="TRUE">0</efeacnt><spindex Sync="TRUE">FALSE</spindex><linrefer Sync="TRUE">FALSE</linrefer></esriterm></ptvctinf></spdoinfo><spref><horizsys><geograph><latres Sync="TRUE">0.000000</latres><longres Sync="TRUE">0.000000</longres><geogunit Sync="TRUE">Decimal degrees</geogunit></geograph><geodetic><horizdn Sync="TRUE">D_North_American_1983</horizdn><ellips Sync="TRUE">GRS_1980</ellips><semiaxis Sync="TRUE">6378137</semiaxis><denflat Sync="TRUE">298.257222</denflat></geodetic><cordsysn><geogcsn Sync="TRUE">GCS_North_American_1983</geogcsn></cordsysn></horizsys></spref><eainfo><detailed Name="at_parking_RIP_cleaned_up_and_joined3"><enttyp><enttypl Sync="TRUE">at_parking_RIP_cleaned_up_and_joined3</enttypl><enttypt Sync="TRUE">Feature Class</enttypt><enttypc Sync="TRUE">0</enttypc></enttyp><attr><attrlabl>FID</attrlabl><attrdef>Internal feature number</attrdef><attrdefs>ESRI</attrdefs><attrdomv><udom>Sequential unique whole numbers that are automatically generated.</udom></attrdomv><attalias Sync="TRUE">FID</attalias><attrtype Sync="TRUE">OID</attrtype><attwidth Sync="TRUE">4</attwidth><atprecis Sync="TRUE">0</atprecis><attscale Sync="TRUE">0</attscale></attr><attr><attrlabl>Shape</attrlabl><attrdef>Feature geometry</attrdef><attrdefs>ESRI</attrdefs><attrdomv><udom>Coordinates defining the features.</udom></attrdomv><attalias Sync="TRUE">Shape</attalias><attrtype Sync="TRUE">Geometry</attrtype><attwidth Sync="TRUE">0</attwidth><atprecis Sync="TRUE">0</atprecis><attscale Sync="TRUE">0</attscale></attr><attr><attrlabl Sync="TRUE">Join_Count</attrlabl><attalias Sync="TRUE">Join_Count</attalias><attrtype Sync="TRUE">Integer</attrtype><attwidth Sync="TRUE">9</attwidth><atprecis Sync="TRUE">9</atprecis><attscale Sync="TRUE">0</attscale></attr><attr><attrlabl Sync="TRUE">TARGET_FID</attrlabl><attalias Sync="TRUE">TARGET_FID</attalias><attrtype Sync="TRUE">Integer</attrtype><attwidth Sync="TRUE">9</attwidth><atprecis Sync="TRUE">9</atprecis><attscale Sync="TRUE">0</attscale></attr><attr><attrlabl>NAME</attrlabl><attrdef>Name (if known and it has one)</attrdef><attalias Sync="TRUE">NAME</attalias><attrtype Sync="TRUE">String</attrtype><attwidth Sync="TRUE">254</attwidth><atprecis Sync="TRUE">0</atprecis><attscale Sync="TRUE">0</attscale></attr><attr><attrlabl>TYPE</attrlabl><attrdef>Type of campsite</attrdef><attalias Sync="TRUE">TYPE</attalias><attrtype Sync="TRUE">String</attrtype><attwidth Sync="TRUE">254</attwidth><atprecis Sync="TRUE">0</atprecis><attscale Sync="TRUE">0</attscale></attr><attr><attrlabl>LOCATION</attrlabl><attalias Sync="TRUE">LOCATION</attalias><attrtype Sync="TRUE">String</attrtype><attwidth Sync="TRUE">254</attwidth><atprecis Sync="TRUE">0</atprecis><attscale Sync="TRUE">0</attscale></attr><attr><attrlabl>SURFACE</attrlabl><attalias Sync="TRUE">SURFACE</attalias><attrtype Sync="TRUE">String</attrtype><attwidth Sync="TRUE">254</attwidth><atprecis Sync="TRUE">0</atprecis><attscale Sync="TRUE">0</attscale></attr><attr><attrlabl Sync="TRUE">LENGTH_FE</attrlabl><attalias Sync="TRUE">LENGTH_FE</attalias><attrtype Sync="TRUE">Double</attrtype><attwidth Sync="TRUE">19</attwidth><atprecis Sync="TRUE">18</atprecis><attscale Sync="TRUE">6</attscale></attr><attr><attrlabl>WIDTH__FEE</attrlabl><attalias Sync="TRUE">WIDTH__FEE</attalias><attrtype Sync="TRUE">Double</attrtype><attwidth Sync="TRUE">19</attwidth><atprecis Sync="TRUE">18</atprecis><attscale Sync="TRUE">6</attscale></attr><attr><attrlabl>PARKING_SP</attrlabl><attalias Sync="TRUE">PARKING_SP</attalias><attrtype Sync="TRUE">Double</attrtype><attwidth Sync="TRUE">11</attwidth><atprecis Sync="TRUE">11</atprecis><attscale Sync="TRUE">0</attscale></attr><attr><attrlabl>CULVERT</attrlabl><attalias Sync="TRUE">CULVERT</attalias><attrtype Sync="TRUE">String</attrtype><attwidth Sync="TRUE">254</attwidth><atprecis Sync="TRUE">0</atprecis><attscale Sync="TRUE">0</attscale></attr><attr><attrlabl>USE</attrlabl><attalias Sync="TRUE">USE</attalias><attrtype Sync="TRUE">String</attrtype><attwidth Sync="TRUE">254</attwidth><atprecis Sync="TRUE">0</atprecis><attscale Sync="TRUE">0</attscale></attr><attr><attrlabl>YEAR_BUILT</attrlabl><attrdef>Year Built</attrdef><attalias Sync="TRUE">YEAR_BUILT</attalias><attrtype Sync="TRUE">Double</attrtype><attwidth Sync="TRUE">11</attwidth><atprecis Sync="TRUE">11</atprecis><attscale Sync="TRUE">0</attscale></attr><attr><attrlabl>OWNERSHIP</attrlabl><attalias Sync="TRUE">OWNERSHIP</attalias><attrtype Sync="TRUE">String</attrtype><attwidth Sync="TRUE">254</attwidth><atprecis Sync="TRUE">0</atprecis><attscale Sync="TRUE">0</attscale></attr><attr><attrlabl>GATE</attrlabl><attalias Sync="TRUE">GATE</attalias><attrtype Sync="TRUE">String</attrtype><attwidth Sync="TRUE">254</attwidth><atprecis Sync="TRUE">0</atprecis><attscale Sync="TRUE">0</attscale></attr><attr><attrlabl>GATE_KEY__</attrlabl><attalias Sync="TRUE">GATE_KEY__</attalias><attrtype Sync="TRUE">String</attrtype><attwidth Sync="TRUE">11</attwidth><atprecis Sync="TRUE">0</atprecis><attscale Sync="TRUE">0</attscale></attr><attr><attrlabl>BULLETIN_B</attrlabl><attalias Sync="TRUE">BULLETIN_B</attalias><attrtype Sync="TRUE">String</attrtype><attwidth Sync="TRUE">254</attwidth><atprecis Sync="TRUE">0</atprecis><attscale Sync="TRUE">0</attscale></attr><attr><attrlabl>TOILET</attrlabl><attalias Sync="TRUE">TOILET</attalias><attrtype Sync="TRUE">String</attrtype><attwidth Sync="TRUE">254</attwidth><atprecis Sync="TRUE">0</atprecis><attscale Sync="TRUE">0</attscale></attr><attr><attrlabl>COMMENTS</attrlabl><attrdef>Comments</attrdef><attalias Sync="TRUE">COMMENTS</attalias><attrtype Sync="TRUE">String</attrtype><attwidth Sync="TRUE">254</attwidth><atprecis Sync="TRUE">0</atprecis><attscale Sync="TRUE">0</attscale></attr><attr><attrlabl>GPS_DATE</attrlabl><attalias Sync="TRUE">GPS_DATE</attalias><attrtype Sync="TRUE">String</attrtype><attwidth Sync="TRUE">254</attwidth><atprecis Sync="TRUE">0</atprecis><attscale Sync="TRUE">0</attscale></attr><attr><attrlabl>LATITUDE</attrlabl><attalias Sync="TRUE">LATITUDE</attalias><attrtype Sync="TRUE">String</attrtype><attwidth Sync="TRUE">254</attwidth><atprecis Sync="TRUE">0</atprecis><attscale Sync="TRUE">0</attscale></attr><attr><attrlabl>LONGITUDE</attrlabl><attalias Sync="TRUE">LONGITUDE</attalias><attrtype Sync="TRUE">String</attrtype><attwidth Sync="TRUE">254</attwidth><atprecis Sync="TRUE">0</atprecis><attscale Sync="TRUE">0</attscale></attr><attr><attrlabl>SOURCE</attrlabl><attalias Sync="TRUE">SOURCE</attalias><attrtype Sync="TRUE">String</attrtype><attwidth Sync="TRUE">100</attwidth><atprecis Sync="TRUE">0</atprecis><attscale Sync="TRUE">0</attscale></attr><attr><attrlabl>FMSS_ID</attrlabl><attalias Sync="TRUE">FMSS_ID</attalias><attrtype Sync="TRUE">Double</attrtype><attwidth Sync="TRUE">16</attwidth><atprecis Sync="TRUE">16</atprecis><attscale Sync="TRUE">0</attscale></attr><attr><attrlabl>X_COORD</attrlabl><attalias Sync="TRUE">X_COORD</attalias><attrtype Sync="TRUE">Double</attrtype><attwidth Sync="TRUE">19</attwidth><atprecis Sync="TRUE">18</atprecis><attscale Sync="TRUE">5</attscale></attr><attr><attrlabl>Y_COORD</attrlabl><attalias Sync="TRUE">Y_COORD</attalias><attrtype Sync="TRUE">Double</attrtype><attwidth Sync="TRUE">19</attwidth><atprecis Sync="TRUE">18</atprecis><attscale Sync="TRUE">5</attscale></attr><attr><attrlabl Sync="TRUE">STATUS</attrlabl><attalias Sync="TRUE">STATUS</attalias><attrtype Sync="TRUE">String</attrtype><attwidth Sync="TRUE">100</attwidth><atprecis Sync="TRUE">0</atprecis><attscale Sync="TRUE">0</attscale></attr><attr><attrlabl Sync="TRUE">JOIN_ID</attrlabl><attalias Sync="TRUE">JOIN_ID</attalias><attrtype Sync="TRUE">String</attrtype><attwidth Sync="TRUE">50</attwidth><atprecis Sync="TRUE">0</atprecis><attscale Sync="TRUE">0</attscale></attr><attr><attrlabl Sync="TRUE">TRAIL_CLUB</attrlabl><attalias Sync="TRUE">TRAIL_CLUB</attalias><attrtype Sync="TRUE">String</attrtype><attwidth Sync="TRUE">100</attwidth><atprecis Sync="TRUE">0</atprecis><attscale Sync="TRUE">0</attscale></attr><attr><attrlabl Sync="TRUE">Town</attrlabl><attalias Sync="TRUE">Town</attalias><attrtype Sync="TRUE">String</attrtype><attwidth Sync="TRUE">50</attwidth><atprecis Sync="TRUE">0</atprecis><attscale Sync="TRUE">0</attscale></attr><attr><attrlabl Sync="TRUE">County</attrlabl><attalias Sync="TRUE">County</attalias><attrtype Sync="TRUE">String</attrtype><attwidth Sync="TRUE">50</attwidth><atprecis Sync="TRUE">0</atprecis><attscale Sync="TRUE">0</attscale></attr><attr><attrlabl Sync="TRUE">State</attrlabl><attalias Sync="TRUE">State</attalias><attrtype Sync="TRUE">String</attrtype><attwidth Sync="TRUE">25</attwidth><atprecis Sync="TRUE">0</atprecis><attscale Sync="TRUE">0</attscale></attr><attr><attrlabl Sync="TRUE">Publish</attrlabl><attalias Sync="TRUE">Publish</attalias><attrtype Sync="TRUE">String</attrtype><attwidth Sync="TRUE">4</attwidth><atprecis Sync="TRUE">0</atprecis><attscale Sync="TRUE">0</attscale></attr><attr><attrlabl Sync="TRUE">Version</attrlabl><attalias Sync="TRUE">Version</attalias><attrtype Sync="TRUE">String</attrtype><attwidth Sync="TRUE">20</attwidth><atprecis Sync="TRUE">0</atprecis><attscale Sync="TRUE">0</attscale></attr><attr><attrlabl Sync="TRUE">POLYGON_ID</attrlabl><attalias Sync="TRUE">POLYGON_ID</attalias><attrtype Sync="TRUE">Double</attrtype><attwidth Sync="TRUE">19</attwidth><atprecis Sync="TRUE">0</atprecis><attscale Sync="TRUE">0</attscale></attr><attr><attrlabl Sync="TRUE">AREA_ID</attrlabl><attalias Sync="TRUE">AREA_ID</attalias><attrtype Sync="TRUE">Double</attrtype><attwidth Sync="TRUE">19</attwidth><atprecis Sync="TRUE">0</atprecis><attscale Sync="TRUE">0</attscale></attr><attr><attrlabl Sync="TRUE">NM_AREA_ID</attrlabl><attalias Sync="TRUE">NM_AREA_ID</attalias><attrtype Sync="TRUE">SmallInteger</attrtype><attwidth Sync="TRUE">4</attwidth><atprecis Sync="TRUE">4</atprecis><attscale Sync="TRUE">0</attscale></attr><attr><attrlabl Sync="TRUE">POLYGON_NM</attrlabl><attalias Sync="TRUE">POLYGON_NM</attalias><attrtype Sync="TRUE">String</attrtype><attwidth Sync="TRUE">80</attwidth><atprecis Sync="TRUE">0</atprecis><attscale Sync="TRUE">0</attscale></attr><attr><attrlabl Sync="TRUE">NM_LANGCD</attrlabl><attalias Sync="TRUE">NM_LANGCD</attalias><attrtype Sync="TRUE">String</attrtype><attwidth Sync="TRUE">3</attwidth><atprecis Sync="TRUE">0</atprecis><attscale Sync="TRUE">0</attscale></attr><attr><attrlabl Sync="TRUE">FEAT_TYPE</attrlabl><attalias Sync="TRUE">FEAT_TYPE</attalias><attrtype Sync="TRUE">String</attrtype><attwidth Sync="TRUE">40</attwidth><atprecis Sync="TRUE">0</atprecis><attscale Sync="TRUE">0</attscale></attr><attr><attrlabl Sync="TRUE">DETAIL_CTY</attrlabl><attalias Sync="TRUE">DETAIL_CTY</attalias><attrtype Sync="TRUE">String</attrtype><attwidth Sync="TRUE">1</attwidth><atprecis Sync="TRUE">0</atprecis><attscale Sync="TRUE">0</attscale></attr><attr><attrlabl Sync="TRUE">FEAT_COD</attrlabl><attalias Sync="TRUE">FEAT_COD</attalias><attrtype Sync="TRUE">Double</attrtype><attwidth Sync="TRUE">19</attwidth><atprecis Sync="TRUE">0</atprecis><attscale Sync="TRUE">0</attscale></attr><attr><attrlabl Sync="TRUE">Shape_Leng</attrlabl><attalias Sync="TRUE">Shape_Leng</attalias><attrtype Sync="TRUE">Double</attrtype><attwidth Sync="TRUE">19</attwidth><atprecis Sync="TRUE">0</atprecis><attscale Sync="TRUE">0</attscale></attr><attr><attrlabl Sync="TRUE">Shape_Area</attrlabl><attalias Sync="TRUE">Shape_Area</attalias><attrtype Sync="TRUE">Double</attrtype><attwidth Sync="TRUE">19</attwidth><atprecis Sync="TRUE">0</atprecis><attscale Sync="TRUE">0</attscale><attrdef Sync="TRUE">Area of feature in internal units squared.</attrdef><attrdefs Sync="TRUE">Esri</attrdefs><attrdomv><udom Sync="TRUE">Positive real numbers that are automatically generated.</udom></attrdomv></attr></detailed></eainfo><distinfo><distrib><cntinfo><cntorgp><cntorg>Appalachian National Scenic Trail</cntorg><cntper>Matthew C. Robinson</cntper></cntorgp><cntpos>GIS Specialist</cntpos><cntaddr><addrtype>mailing address</addrtype><address>P.O. Box 50</address><city>Harpers Ferry</city><state>West Virginia</state><postal>25425</postal><country>USA</country></cntaddr><cntvoice>(304) 535-6278</cntvoice><cntfax>(304) 535-6270</cntfax><cntemail>Matt_Robinson@nps.gov</cntemail><hours>9-5 EST</hours></cntinfo></distrib><resdesc>This data set was developed to support the A.T. project and the mission and goals of the Appalachian Trail Conservancy and the National Park Service Appalachian Trail Park Office.</resdesc><distliab>Although a large portion of this data is quite accurate, the information depicted in this data set is for general reference purposes only and does not represent legal survey information. The Appalachian Trail Conservancy, the National Park Service Appalachian Trail Park Office, agency partners (including other units of the National Park Service and the USDA Forest Service), and associated trail-maintaining clubs shall not be held liable for improper or incorrect use of the data described and/or contained herein. These data are not legal documents and are not intended to be used as such. 

The information contained in these data is dynamic and may change over time. The data are not better than the original sources from which they were derived. It is the responsibility of the data user to use the data appropriately and consistent with the limitations of geospatial data in general and these data in particular. The related graphics are intended to aid the data user in acquiring relevant data; it is not appropriate to use the related graphics as data. 

The Appalachian Trail Conservancy and National Park Service give no warranty, expressed or implied, as to the accuracy, reliability, or completeness of these data. It is strongly recommended that these data be directly acquired from ATC or NPS and not indirectly through other sources that may have changed the data in some way. Although these data have been processed successfully on a computer system at both the Appalachian Trail Conference and the National Park Service, no warranty expressed or implied is made regarding the utility of the data on another system or for general or scientific purposes, nor shall the act of distribution constitute any such warranty. This disclaimer applies both to individual use of the data and aggregate use with other data.</distliab><stdorder><digform><digtinfo><transize>6.484</transize><dssize Sync="TRUE">0.012</dssize></digtinfo></digform><fees>None</fees><ordering>Refer to http://www.appalachiantrail.org/ or the contact person listed within this metadata for ordering information or instructions.</ordering></stdorder><custom>Refer to http://www.appalachiantrail.org/ or the contact person listed within this metadata for ordering information or instructions.</custom></distinfo><metainfo><metd Sync="TRUE">20110801</metd><metrd>20140407</metrd><metc><cntinfo><cntorgp><cntorg>Appalachian National Scenic Trail</cntorg><cntper>Matthew C. Robinson</cntper></cntorgp><cntpos>GIS Specialist</cntpos><cntaddr><addrtype>mailing address</addrtype><address>P.O. Box 50</address><city>Harpers Ferry</city><state>West Virginia</state><postal>25425</postal><country>USA</country></cntaddr><cntvoice>(304) 535-6278</cntvoice><cntfax>(304) 535-6270</cntfax><cntemail>Matt_Robinson@nps.gov</cntemail><hours>9-5 EST</hours></cntinfo></metc><metstdn Sync="TRUE">FGDC Content Standards for Digital Geospatial Metadata</metstdn><metstdv Sync="TRUE">FGDC-STD-001-1998</metstdv><mettc Sync="TRUE">local time</mettc><metac>None</metac><metuc>None</metuc><metextns><onlink>http://www.esri.com/metadata/esriprof80.html</onlink><metprof>ESRI Metadata Profile</metprof></metextns><metextns><onlink>http://www.esri.com/metadata/esriprof80.html</onlink><metprof>ESRI Metadata Profile</metprof></metextns><metextns><onlink>http://www.esri.com/metadata/esriprof80.html</onlink><metprof>ESRI Metadata Profile</metprof></metextns><metextns><onlink>http://www.esri.com/metadata/esriprof80.html</onlink><metprof>ESRI Metadata Profile</metprof></metextns><langmeta Sync="TRUE">en</langmeta></metainfo><Esri><CreaDate>20150202</CreaDate><CreaTime>09163600</CreaTime><SyncOnce>FALSE</SyncOnce><SyncDate>20141202</SyncDate><SyncTime>15533300</SyncTime><ModDate>20141202</ModDate><ModTime>15533300</ModTime><DataProperties><itemProps><itemName Sync="TRUE">at_parking_RIP_cleaned_up_and_joined3</itemName><imsContentType Sync="TRUE">002</imsContentType><itemSize Sync="TRUE">0.000</itemSize><itemLocation><linkage Sync="TRUE">file://\\INPAPPA122615\D$\ATGIS\Projects\Road_Inventory_Project\at_parking_RIP_cleaned_up_and_joined3.shp</linkage><protocol Sync="TRUE">Local Area Network</protocol></itemLocation></itemProps><coordRef><type Sync="TRUE">Geographic</type><geogcsn Sync="TRUE">GCS_North_American_1983</geogcsn><csUnits Sync="TRUE">Angular Unit: Degree (0.017453)</csUnits><peXml Sync="TRUE">&lt;GeographicCoordinateSystem xsi:type='typens:GeographicCoordinateSystem' xmlns:xsi='http://www.w3.org/2001/XMLSchema-instance' xmlns:xs='http://www.w3.org/2001/XMLSchema' xmlns:typens='http://www.esri.com/schemas/ArcGIS/10.1'&gt;&lt;WKT&gt;GEOGCS[&amp;quot;GCS_North_American_1983&amp;quot;,DATUM[&amp;quot;D_North_American_1983&amp;quot;,SPHEROID[&amp;quot;GRS_1980&amp;quot;,6378137.0,298.257222101]],PRIMEM[&amp;quot;Greenwich&amp;quot;,0.0],UNIT[&amp;quot;Degree&amp;quot;,0.0174532925199433],AUTHORITY[&amp;quot;EPSG&amp;quot;,4269]]&lt;/WKT&gt;&lt;XOrigin&gt;-400&lt;/XOrigin&gt;&lt;YOrigin&gt;-400&lt;/YOrigin&gt;&lt;XYScale&gt;11258999068426.238&lt;/XYScale&gt;&lt;ZOrigin&gt;-100000&lt;/ZOrigin&gt;&lt;ZScale&gt;10000&lt;/ZScale&gt;&lt;MOrigin&gt;-100000&lt;/MOrigin&gt;&lt;MScale&gt;10000&lt;/MScale&gt;&lt;XYTolerance&gt;8.9831528411952133e-009&lt;/XYTolerance&gt;&lt;ZTolerance&gt;0.001&lt;/ZTolerance&gt;&lt;MTolerance&gt;0.001&lt;/MTolerance&gt;&lt;HighPrecision&gt;true&lt;/HighPrecision&gt;&lt;LeftLongitude&gt;-180&lt;/LeftLongitude&gt;&lt;WKID&gt;4269&lt;/WKID&gt;&lt;LatestWKID&gt;4269&lt;/LatestWKID&gt;&lt;/GeographicCoordinateSystem&gt;</peXml></coordRef><lineage><Process ToolSource="c:\program files\arcgis\desktop10.0\ArcToolbox\Toolboxes\Data Management Tools.tbx\Merge" Date="20130116" Time="153107">Merge 'A.T. Parking';2009_2011_Parking B:\Database\FMSS\2012_processing\2011_data_features_check\2011_Merge\at_vista_2004_2011.shp "ID "ID" true true false 9 Long 0 9 ,First,#,A.T. Parking,ID,-1,-1;NAME "NAME" true true false 254 Text 0 0 ,First,#,A.T. Parking,NAME,-1,-1,2009_2011_Parking,Name,-1,-1;TYPE "TYPE" true true false 254 Text 0 0 ,First,#,A.T. Parking,TYPE,-1,-1,2009_2011_Parking,Type,-1,-1;LOCATION "LOCATION" true true false 254 Text 0 0 ,First,#,A.T. Parking,LOCATION,-1,-1,2009_2011_Parking,Location,-1,-1;SURFACE "SURFACE" true true false 254 Text 0 0 ,First,#,A.T. Parking,SURFACE,-1,-1,2009_2011_Parking,Surface,-1,-1;LENGTH_FE "LENGTH_FE" true true false 19 Double 6 18 ,First,#,A.T. Parking,LENGTH_FE,-1,-1;WIDTH__FEE "WIDTH__FEE" true true false 19 Double 6 18 ,First,#,A.T. Parking,WIDTH__FEE,-1,-1,2009_2011_Parking,Width__fee,-1,-1;PARKING_SP "PARKING_SP" true true false 11 Double 0 11 ,First,#,A.T. Parking,PARKING_SP,-1,-1,2009_2011_Parking,Parking_Sp,-1,-1;CULVERT "CULVERT" true true false 254 Text 0 0 ,First,#,A.T. Parking,CULVERT,-1,-1;USE "USE" true true false 254 Text 0 0 ,First,#,A.T. Parking,USE,-1,-1,2009_2011_Parking,Use,-1,-1;YEAR_BUILT "YEAR_BUILT" true true false 11 Double 0 11 ,First,#,A.T. Parking,YEAR_BUILT,-1,-1,2009_2011_Parking,Year_Built,-1,-1;OWNERSHIP "OWNERSHIP" true true false 254 Text 0 0 ,First,#,A.T. Parking,OWNERSHIP,-1,-1,2009_2011_Parking,Ownership,-1,-1;GATE "GATE" true true false 254 Text 0 0 ,First,#,A.T. Parking,GATE,-1,-1,2009_2011_Parking,Gate,-1,-1;GATE_KEY__ "GATE_KEY__" true true false 11 Text 0 0 ,First,#,A.T. Parking,GATE_KEY__,-1,-1,2009_2011_Parking,Gate_Key__,-1,-1;BULLETIN_B "BULLETIN_B" true true false 254 Text 0 0 ,First,#,A.T. Parking,BULLETIN_B,-1,-1,2009_2011_Parking,Bulletin_B,-1,-1;TOILET "TOILET" true true false 254 Text 0 0 ,First,#,A.T. Parking,TOILET,-1,-1,2009_2011_Parking,Toilet,-1,-1;COMMENTS "COMMENTS" true true false 254 Text 0 0 ,First,#,A.T. Parking,COMMENTS,-1,-1,2009_2011_Parking,Comments,-1,-1;MAX_PDOP "MAX_PDOP" true true false 19 Double 6 18 ,First,#,A.T. Parking,MAX_PDOP,-1,-1,2009_2011_Parking,Max_PDOP,-1,-1;MAX_HDOP "MAX_HDOP" true true false 19 Double 6 18 ,First,#,A.T. Parking,MAX_HDOP,-1,-1,2009_2011_Parking,Max_HDOP,-1,-1;CORR_TYPE "CORR_TYPE" true true false 254 Text 0 0 ,First,#,A.T. Parking,CORR_TYPE,-1,-1,2009_2011_Parking,Corr_Type,-1,-1;RCVR_TYPE "RCVR_TYPE" true true false 254 Text 0 0 ,First,#,A.T. Parking,RCVR_TYPE,-1,-1,2009_2011_Parking,Rcvr_Type,-1,-1;GPS_DATE "GPS_DATE" true true false 254 Text 0 0 ,First,#,A.T. Parking,GPS_DATE,-1,-1,2009_2011_Parking,GPS_Date,-1,-1;GPS_TIME "GPS_TIME" true true false 254 Text 0 0 ,First,#,A.T. Parking,GPS_TIME,-1,-1,2009_2011_Parking,GPS_Time,-1,-1;UPDATE_STA "UPDATE_STA" true true false 254 Text 0 0 ,First,#,A.T. Parking,UPDATE_STA,-1,-1,2009_2011_Parking,Update_Sta,-1,-1;FEAT_NAME "FEAT_NAME" true true false 254 Text 0 0 ,First,#,A.T. Parking,FEAT_NAME,-1,-1,2009_2011_Parking,Feat_Name,-1,-1;DATAFILE "DATAFILE" true true false 254 Text 0 0 ,First,#,A.T. Parking,DATAFILE,-1,-1,2009_2011_Parking,Datafile,-1,-1;UNFILT_POS "UNFILT_POS" true true false 11 Double 0 11 ,First,#,A.T. Parking,UNFILT_POS,-1,-1,2009_2011_Parking,Unfilt_Pos,-1,-1;FILT_POS "FILT_POS" true true false 11 Double 0 11 ,First,#,A.T. Parking,FILT_POS,-1,-1,2009_2011_Parking,Filt_Pos,-1,-1;DATA_DICTI "DATA_DICTI" true true false 254 Text 0 0 ,First,#,A.T. Parking,DATA_DICTI,-1,-1,2009_2011_Parking,Data_Dicti,-1,-1;GPS_WEEK "GPS_WEEK" true true false 11 Double 0 11 ,First,#,A.T. Parking,GPS_WEEK,-1,-1,2009_2011_Parking,GPS_Week,-1,-1;GPS_SECOND "GPS_SECOND" true true false 19 Double 6 18 ,First,#,A.T. Parking,GPS_SECOND,-1,-1,2009_2011_Parking,GPS_Second,-1,-1;GPS_HEIGHT "GPS_HEIGHT" true true false 19 Double 6 18 ,First,#,A.T. Parking,GPS_HEIGHT,-1,-1,2009_2011_Parking,GPS_Height,-1,-1;VERT_PREC "VERT_PREC" true true false 19 Double 6 18 ,First,#,A.T. Parking,VERT_PREC,-1,-1,2009_2011_Parking,Vert_Prec,-1,-1;HORZ_PREC "HORZ_PREC" true true false 19 Double 6 18 ,First,#,A.T. Parking,HORZ_PREC,-1,-1,2009_2011_Parking,Horz_Prec,-1,-1;STD_DEV "STD_DEV" true true false 19 Double 6 18 ,First,#,A.T. Parking,STD_DEV,-1,-1,2009_2011_Parking,Std_Dev,-1,-1;LATITUDE "LATITUDE" true true false 254 Text 0 0 ,First,#,A.T. Parking,LATITUDE,-1,-1,2009_2011_Parking,Latitude,-1,-1;LONGITUDE "LONGITUDE" true true false 254 Text 0 0 ,First,#,A.T. Parking,LONGITUDE,-1,-1,2009_2011_Parking,Longitude,-1,-1;TRAIL_ID "TRAIL_ID" true true false 16 Text 0 0 ,First,#,A.T. Parking,TRAIL_ID,-1,-1;SOURCE "SOURCE" true true false 100 Text 0 0 ,First,#,A.T. Parking,SOURCE,-1,-1;ORIG_ID "ORIG_ID" true true false 16 Double 0 16 ,First,#,A.T. Parking,ORIG_ID,-1,-1;FMSS_ID "FMSS_ID" true true false 16 Double 0 16 ,First,#,A.T. Parking,FMSS_ID,-1,-1;SOURCETHM "SOURCETHM" true true false 16 Text 0 0 ,First,#,A.T. Parking,SOURCETHM,-1,-1;X_COORD "X_COORD" true true false 19 Double 5 18 ,First,#,A.T. Parking,X_COORD,-1,-1;Y_COORD "Y_COORD" true true false 19 Double 5 18 ,First,#,A.T. Parking,Y_COORD,-1,-1;STATUS "STATUS" true true false 100 Text 0 0 ,First,#,A.T. Parking,STATUS,-1,-1;JOIN_ID "JOIN_ID" true true false 50 Text 0 0 ,First,#,A.T. Parking,JOIN_ID,-1,-1;TRAIL_CLUB "TRAIL_CLUB" true true false 100 Text 0 0 ,First,#,A.T. Parking,TRAIL_CLUB,-1,-1;Town "Town" true true false 50 Text 0 0 ,First,#,A.T. Parking,Town,-1,-1;County "County" true true false 50 Text 0 0 ,First,#,A.T. Parking,County,-1,-1;State "State" true true false 25 Text 0 0 ,First,#,A.T. Parking,State,-1,-1;Mile_2D "Mile_2D" true true false 11 Double 3 10 ,First,#,A.T. Parking,Mile_2D,-1,-1;Elev_feet "Elev_feet" true true false 10 Double 3 9 ,First,#,A.T. Parking,Elev_feet,-1,-1;Publish "Publish" true true false 4 Text 0 0 ,First,#,A.T. Parking,Publish,-1,-1;Length__fe "Length__fe" true true false 8 Float 2 7 ,First,#,2009_2011_Parking,Length__fe,-1,-1;Culvert_ "Culvert_" true true false 20 Text 0 0 ,First,#,2009_2011_Parking,Culvert_,-1,-1;Gate_ "Gate_" true true false 20 Text 0 0 ,First,#,2009_2011_Parking,Gate_,-1,-1;Point_ID "Point_ID" true true false 9 Long 0 9 ,First,#,2009_2011_Parking,Point_ID,-1,-1"</Process><Process ToolSource="c:\program files\arcgis\desktop10.0\ArcToolbox\Toolboxes\Data Management Tools.tbx\Merge" Date="20130222" Time="171422">Merge at_parking_2004_2011;Parking_2012 B:\Database\FMSS\2012_processing\2012_updated_feature_data\at_parking_2004_2012.shp "ID "ID" true true false 9 Long 0 9 ,First,#,at_parking_2004_2011,ID,-1,-1;NAME "NAME" true true false 254 Text 0 0 ,First,#,at_parking_2004_2011,NAME,-1,-1,Parking_2012,Name,-1,-1;TYPE "TYPE" true true false 254 Text 0 0 ,First,#,at_parking_2004_2011,TYPE,-1,-1,Parking_2012,Type,-1,-1;LOCATION "LOCATION" true true false 254 Text 0 0 ,First,#,at_parking_2004_2011,LOCATION,-1,-1,Parking_2012,Location,-1,-1;SURFACE "SURFACE" true true false 254 Text 0 0 ,First,#,at_parking_2004_2011,SURFACE,-1,-1,Parking_2012,Surface,-1,-1;LENGTH_FE "LENGTH_FE" true true false 19 Double 6 18 ,First,#,at_parking_2004_2011,LENGTH_FE,-1,-1;WIDTH__FEE "WIDTH__FEE" true true false 19 Double 6 18 ,First,#,at_parking_2004_2011,WIDTH__FEE,-1,-1,Parking_2012,Width__fee,-1,-1;PARKING_SP "PARKING_SP" true true false 11 Double 0 11 ,First,#,at_parking_2004_2011,PARKING_SP,-1,-1,Parking_2012,Parking_Sp,-1,-1;CULVERT "CULVERT" true true false 254 Text 0 0 ,First,#,at_parking_2004_2011,CULVERT,-1,-1;USE "USE" true true false 254 Text 0 0 ,First,#,at_parking_2004_2011,USE,-1,-1,Parking_2012,Use,-1,-1;YEAR_BUILT "YEAR_BUILT" true true false 11 Double 0 11 ,First,#,at_parking_2004_2011,YEAR_BUILT,-1,-1,Parking_2012,Year_Built,-1,-1;OWNERSHIP "OWNERSHIP" true true false 254 Text 0 0 ,First,#,at_parking_2004_2011,OWNERSHIP,-1,-1,Parking_2012,Ownership,-1,-1;GATE "GATE" true true false 254 Text 0 0 ,First,#,at_parking_2004_2011,GATE,-1,-1;GATE_KEY__ "GATE_KEY__" true true false 11 Text 0 0 ,First,#,at_parking_2004_2011,GATE_KEY__,-1,-1,Parking_2012,Gate_Key__,-1,-1;BULLETIN_B "BULLETIN_B" true true false 254 Text 0 0 ,First,#,at_parking_2004_2011,BULLETIN_B,-1,-1,Parking_2012,Bulletin_B,-1,-1;TOILET "TOILET" true true false 254 Text 0 0 ,First,#,at_parking_2004_2011,TOILET,-1,-1,Parking_2012,Toilet,-1,-1;COMMENTS "COMMENTS" true true false 254 Text 0 0 ,First,#,at_parking_2004_2011,COMMENTS,-1,-1,Parking_2012,Comments,-1,-1;MAX_PDOP "MAX_PDOP" true true false 19 Double 6 18 ,First,#,at_parking_2004_2011,MAX_PDOP,-1,-1,Parking_2012,Max_PDOP,-1,-1;MAX_HDOP "MAX_HDOP" true true false 19 Double 6 18 ,First,#,at_parking_2004_2011,MAX_HDOP,-1,-1,Parking_2012,Max_HDOP,-1,-1;CORR_TYPE "CORR_TYPE" true true false 254 Text 0 0 ,First,#,at_parking_2004_2011,CORR_TYPE,-1,-1,Parking_2012,Corr_Type,-1,-1;RCVR_TYPE "RCVR_TYPE" true true false 254 Text 0 0 ,First,#,at_parking_2004_2011,RCVR_TYPE,-1,-1,Parking_2012,Rcvr_Type,-1,-1;GPS_DATE "GPS_DATE" true true false 254 Text 0 0 ,First,#,at_parking_2004_2011,GPS_DATE,-1,-1,Parking_2012,GPS_Date,-1,-1;GPS_TIME "GPS_TIME" true true false 254 Text 0 0 ,First,#,at_parking_2004_2011,GPS_TIME,-1,-1,Parking_2012,GPS_Time,-1,-1;UPDATE_STA "UPDATE_STA" true true false 254 Text 0 0 ,First,#,at_parking_2004_2011,UPDATE_STA,-1,-1,Parking_2012,Update_Sta,-1,-1;FEAT_NAME "FEAT_NAME" true true false 254 Text 0 0 ,First,#,at_parking_2004_2011,FEAT_NAME,-1,-1,Parking_2012,Feat_Name,-1,-1;DATAFILE "DATAFILE" true true false 254 Text 0 0 ,First,#,at_parking_2004_2011,DATAFILE,-1,-1,Parking_2012,Datafile,-1,-1;UNFILT_POS "UNFILT_POS" true true false 11 Double 0 11 ,First,#,at_parking_2004_2011,UNFILT_POS,-1,-1,Parking_2012,Unfilt_Pos,-1,-1;FILT_POS "FILT_POS" true true false 11 Double 0 11 ,First,#,at_parking_2004_2011,FILT_POS,-1,-1,Parking_2012,Filt_Pos,-1,-1;DATA_DICTI "DATA_DICTI" true true false 254 Text 0 0 ,First,#,at_parking_2004_2011,DATA_DICTI,-1,-1,Parking_2012,Data_Dicti,-1,-1;GPS_WEEK "GPS_WEEK" true true false 11 Double 0 11 ,First,#,at_parking_2004_2011,GPS_WEEK,-1,-1,Parking_2012,GPS_Week,-1,-1;GPS_SECOND "GPS_SECOND" true true false 19 Double 6 18 ,First,#,at_parking_2004_2011,GPS_SECOND,-1,-1,Parking_2012,GPS_Second,-1,-1;GPS_HEIGHT "GPS_HEIGHT" true true false 19 Double 6 18 ,First,#,at_parking_2004_2011,GPS_HEIGHT,-1,-1;VERT_PREC "VERT_PREC" true true false 19 Double 6 18 ,First,#,at_parking_2004_2011,VERT_PREC,-1,-1,Parking_2012,Vert_Prec,-1,-1;HORZ_PREC "HORZ_PREC" true true false 19 Double 6 18 ,First,#,at_parking_2004_2011,HORZ_PREC,-1,-1,Parking_2012,Horz_Prec,-1,-1;STD_DEV "STD_DEV" true true false 19 Double 6 18 ,First,#,at_parking_2004_2011,STD_DEV,-1,-1,Parking_2012,Std_Dev,-1,-1;LATITUDE "LATITUDE" true true false 254 Text 0 0 ,First,#,at_parking_2004_2011,LATITUDE,-1,-1,Parking_2012,Latitude,-1,-1;LONGITUDE "LONGITUDE" true true false 254 Text 0 0 ,First,#,at_parking_2004_2011,LONGITUDE,-1,-1,Parking_2012,Longitude,-1,-1;TRAIL_ID "TRAIL_ID" true true false 16 Text 0 0 ,First,#,at_parking_2004_2011,TRAIL_ID,-1,-1;SOURCE "SOURCE" true true false 100 Text 0 0 ,First,#,at_parking_2004_2011,SOURCE,-1,-1;ORIG_ID "ORIG_ID" true true false 16 Double 0 16 ,First,#,at_parking_2004_2011,ORIG_ID,-1,-1;FMSS_ID "FMSS_ID" true true false 16 Double 0 16 ,First,#,at_parking_2004_2011,FMSS_ID,-1,-1;SOURCETHM "SOURCETHM" true true false 16 Text 0 0 ,First,#,at_parking_2004_2011,SOURCETHM,-1,-1;X_COORD "X_COORD" true true false 19 Double 5 18 ,First,#,at_parking_2004_2011,X_COORD,-1,-1;Y_COORD "Y_COORD" true true false 19 Double 5 18 ,First,#,at_parking_2004_2011,Y_COORD,-1,-1;STATUS "STATUS" true true false 100 Text 0 0 ,First,#,at_parking_2004_2011,STATUS,-1,-1;JOIN_ID "JOIN_ID" true true false 50 Text 0 0 ,First,#,at_parking_2004_2011,JOIN_ID,-1,-1;TRAIL_CLUB "TRAIL_CLUB" true true false 100 Text 0 0 ,First,#,at_parking_2004_2011,TRAIL_CLUB,-1,-1;Town "Town" true true false 50 Text 0 0 ,First,#,at_parking_2004_2011,Town,-1,-1;County "County" true true false 50 Text 0 0 ,First,#,at_parking_2004_2011,County,-1,-1;State "State" true true false 25 Text 0 0 ,First,#,at_parking_2004_2011,State,-1,-1;Mile_2D "Mile_2D" true true false 11 Double 3 10 ,First,#,at_parking_2004_2011,Mile_2D,-1,-1;Elev_feet "Elev_feet" true true false 10 Double 3 9 ,First,#,at_parking_2004_2011,Elev_feet,-1,-1;Publish "Publish" true true false 4 Text 0 0 ,First,#,at_parking_2004_2011,Publish,-1,-1;Length__fe "Length__fe" true true false 8 Float 2 7 ,First,#,Parking_2012,Length__fe,-1,-1;Culvert_ "Culvert_" true true false 20 Text 0 0 ,First,#,Parking_2012,Culvert_,-1,-1;Gate_ "Gate_" true true false 20 Text 0 0 ,First,#,Parking_2012,Gate_,-1,-1;GNSS_Heigh "GNSS_Heigh" true true false 16 Double 3 15 ,First,#,Parking_2012,GNSS_Heigh,-1,-1;Point_ID "Point_ID" true true false 9 Long 0 9 ,First,#,Parking_2012,Point_ID,-1,-1"</Process><Process ToolSource="C:\Program Files\ArcGIS\Desktop10.0\ArcToolbox\Toolboxes\Data Management Tools.tbx\CalculateField" Date="20130620" Time="110742">CalculateField at_parking X_COORD [X] VB #</Process><Process ToolSource="C:\Program Files\ArcGIS\Desktop10.0\ArcToolbox\Toolboxes\Data Management Tools.tbx\CalculateField" Date="20130620" Time="110750">CalculateField at_parking Y_COORD [Y] VB #</Process><Process ToolSource="C:\Program Files\ArcGIS\Desktop10.0\ArcToolbox\Toolboxes\Data Management Tools.tbx\CalculateField" Date="20130620" Time="110900">CalculateField at_parking LENGTH_FE 90 VB #</Process><Process ToolSource="C:\Program Files\ArcGIS\Desktop10.0\ArcToolbox\Toolboxes\Data Management Tools.tbx\CalculateField" Date="20130620" Time="110907">CalculateField at_parking LENGTH_FE 50
 VB #</Process><Process ToolSource="C:\Program Files\ArcGIS\Desktop10.0\ArcToolbox\Toolboxes\Data Management Tools.tbx\CalculateField" Date="20130620" Time="110934">CalculateField at_parking GATE "No"
 VB #</Process><Process ToolSource="C:\Program Files\ArcGIS\Desktop10.0\ArcToolbox\Toolboxes\Data Management Tools.tbx\CalculateField" Date="20130620" Time="110953">CalculateField at_parking GPS_HEIGHT "[GNSS_Heigh] 
" VB #</Process><Process ToolSource="C:\Program Files\ArcGIS\Desktop10.0\ArcToolbox\Toolboxes\Data Management Tools.tbx\CalculateField" Date="20130626" Time="151708">CalculateField at_parking NAME "No Official Name" VB #</Process><Process ToolSource="C:\Program Files\ArcGIS\Desktop10.0\ArcToolbox\Toolboxes\Data Management Tools.tbx\CalculateField" Date="20130812" Time="161616">CalculateField at_parking Version "2013 version 1.0" VB #</Process><Process ToolSource="C:\Program Files\ArcGIS\Desktop10.0\ArcToolbox\Toolboxes\Data Management Tools.tbx\CalculateField" Date="20130812" Time="161802">CalculateField at_parking Version 08/12/2013 VB #</Process><Process ToolSource="C:\Program Files\ArcGIS\Desktop10.0\ArcToolbox\Toolboxes\Data Management Tools.tbx\CalculateField" Date="20130812" Time="162101">CalculateField at_parking FMSS_ID 105957 VB #</Process><Process ToolSource="C:\Program Files\ArcGIS\Desktop10.0\ArcToolbox\Toolboxes\Data Management Tools.tbx\CalculateField" Date="20130812" Time="162954">CalculateField at_parking Version "08/12/2013" VB #</Process><Process ToolSource="c:\program files (x86)\arcgis\desktop10.0\ArcToolbox\Toolboxes\Data Management Tools.tbx\Merge" Date="20140306" Time="105445">Merge at_parking;'2013 Features\parking_2013' B:\Database\FMSS\2013_Processing\2013_Updated_Feature_Data\2013_Merged_Data\at_parking_merge.shp "ID "ID" true true false 9 Long 0 9 ,First,#,at_parking,ID,-1,-1;NAME "NAME" true true false 254 Text 0 0 ,First,#,at_parking,NAME,-1,-1,2013 Features\parking_2013,Name,-1,-1;TYPE "TYPE" true true false 254 Text 0 0 ,First,#,at_parking,TYPE,-1,-1,2013 Features\parking_2013,Type,-1,-1;LOCATION "LOCATION" true true false 254 Text 0 0 ,First,#,at_parking,LOCATION,-1,-1,2013 Features\parking_2013,Location,-1,-1;SURFACE "SURFACE" true true false 254 Text 0 0 ,First,#,at_parking,SURFACE,-1,-1,2013 Features\parking_2013,Surface,-1,-1;LENGTH_FE "LENGTH_FE" true true false 19 Double 6 18 ,First,#,at_parking,LENGTH_FE,-1,-1;WIDTH__FEE "WIDTH__FEE" true true false 19 Double 6 18 ,First,#,at_parking,WIDTH__FEE,-1,-1,2013 Features\parking_2013,Width__fee,-1,-1;PARKING_SP "PARKING_SP" true true false 11 Double 0 11 ,First,#,at_parking,PARKING_SP,-1,-1,2013 Features\parking_2013,Parking_Sp,-1,-1;CULVERT "CULVERT" true true false 254 Text 0 0 ,First,#,at_parking,CULVERT,-1,-1;USE "USE" true true false 254 Text 0 0 ,First,#,at_parking,USE,-1,-1,2013 Features\parking_2013,Use,-1,-1;YEAR_BUILT "YEAR_BUILT" true true false 11 Double 0 11 ,First,#,at_parking,YEAR_BUILT,-1,-1,2013 Features\parking_2013,Year_Built,-1,-1;OWNERSHIP "OWNERSHIP" true true false 254 Text 0 0 ,First,#,at_parking,OWNERSHIP,-1,-1,2013 Features\parking_2013,Ownership,-1,-1;GATE "GATE" true true false 254 Text 0 0 ,First,#,at_parking,GATE,-1,-1;GATE_KEY__ "GATE_KEY__" true true false 11 Text 0 0 ,First,#,at_parking,GATE_KEY__,-1,-1,2013 Features\parking_2013,Gate_Key__,-1,-1;BULLETIN_B "BULLETIN_B" true true false 254 Text 0 0 ,First,#,at_parking,BULLETIN_B,-1,-1,2013 Features\parking_2013,Bulletin_B,-1,-1;TOILET "TOILET" true true false 254 Text 0 0 ,First,#,at_parking,TOILET,-1,-1,2013 Features\parking_2013,Toilet,-1,-1;COMMENTS "COMMENTS" true true false 254 Text 0 0 ,First,#,at_parking,COMMENTS,-1,-1,2013 Features\parking_2013,Comments,-1,-1;MAX_PDOP "MAX_PDOP" true true false 19 Double 6 18 ,First,#,at_parking,MAX_PDOP,-1,-1,2013 Features\parking_2013,Max_PDOP,-1,-1;MAX_HDOP "MAX_HDOP" true true false 19 Double 6 18 ,First,#,at_parking,MAX_HDOP,-1,-1,2013 Features\parking_2013,Max_HDOP,-1,-1;CORR_TYPE "CORR_TYPE" true true false 254 Text 0 0 ,First,#,at_parking,CORR_TYPE,-1,-1,2013 Features\parking_2013,Corr_Type,-1,-1;RCVR_TYPE "RCVR_TYPE" true true false 254 Text 0 0 ,First,#,at_parking,RCVR_TYPE,-1,-1,2013 Features\parking_2013,Rcvr_Type,-1,-1;GPS_DATE "GPS_DATE" true true false 254 Text 0 0 ,First,#,at_parking,GPS_DATE,-1,-1,2013 Features\parking_2013,GPS_Date,-1,-1;GPS_TIME "GPS_TIME" true true false 254 Text 0 0 ,First,#,at_parking,GPS_TIME,-1,-1,2013 Features\parking_2013,GPS_Time,-1,-1;UPDATE_STA "UPDATE_STA" true true false 254 Text 0 0 ,First,#,at_parking,UPDATE_STA,-1,-1,2013 Features\parking_2013,Update_Sta,-1,-1;FEAT_NAME "FEAT_NAME" true true false 254 Text 0 0 ,First,#,at_parking,FEAT_NAME,-1,-1,2013 Features\parking_2013,Feat_Name,-1,-1;DATAFILE "DATAFILE" true true false 254 Text 0 0 ,First,#,at_parking,DATAFILE,-1,-1,2013 Features\parking_2013,Datafile,-1,-1;UNFILT_POS "UNFILT_POS" true true false 11 Double 0 11 ,First,#,at_parking,UNFILT_POS,-1,-1,2013 Features\parking_2013,Unfilt_Pos,-1,-1;FILT_POS "FILT_POS" true true false 11 Double 0 11 ,First,#,at_parking,FILT_POS,-1,-1,2013 Features\parking_2013,Filt_Pos,-1,-1;DATA_DICTI "DATA_DICTI" true true false 254 Text 0 0 ,First,#,at_parking,DATA_DICTI,-1,-1,2013 Features\parking_2013,Data_Dicti,-1,-1;GPS_WEEK "GPS_WEEK" true true false 11 Double 0 11 ,First,#,at_parking,GPS_WEEK,-1,-1,2013 Features\parking_2013,GPS_Week,-1,-1;GPS_SECOND "GPS_SECOND" true true false 19 Double 6 18 ,First,#,at_parking,GPS_SECOND,-1,-1,2013 Features\parking_2013,GPS_Second,-1,-1;GPS_HEIGHT "GPS_HEIGHT" true true false 19 Double 6 18 ,First,#,at_parking,GPS_HEIGHT,-1,-1;VERT_PREC "VERT_PREC" true true false 19 Double 6 18 ,First,#,at_parking,VERT_PREC,-1,-1,2013 Features\parking_2013,Vert_Prec,-1,-1;HORZ_PREC "HORZ_PREC" true true false 19 Double 6 18 ,First,#,at_parking,HORZ_PREC,-1,-1,2013 Features\parking_2013,Horz_Prec,-1,-1;STD_DEV "STD_DEV" true true false 19 Double 6 18 ,First,#,at_parking,STD_DEV,-1,-1,2013 Features\parking_2013,Std_Dev,-1,-1;LATITUDE "LATITUDE" true true false 254 Text 0 0 ,First,#,at_parking,LATITUDE,-1,-1,2013 Features\parking_2013,Latitude,-1,-1;LONGITUDE "LONGITUDE" true true false 254 Text 0 0 ,First,#,at_parking,LONGITUDE,-1,-1,2013 Features\parking_2013,Longitude,-1,-1;SOURCE "SOURCE" true true false 100 Text 0 0 ,First,#,at_parking,SOURCE,-1,-1;FMSS_ID "FMSS_ID" true true false 16 Double 0 16 ,First,#,at_parking,FMSS_ID,-1,-1;X_COORD "X_COORD" true true false 19 Double 5 18 ,First,#,at_parking,X_COORD,-1,-1;Y_COORD "Y_COORD" true true false 19 Double 5 18 ,First,#,at_parking,Y_COORD,-1,-1;STATUS "STATUS" true true false 100 Text 0 0 ,First,#,at_parking,STATUS,-1,-1;JOIN_ID "JOIN_ID" true true false 50 Text 0 0 ,First,#,at_parking,JOIN_ID,-1,-1;TRAIL_CLUB "TRAIL_CLUB" true true false 100 Text 0 0 ,First,#,at_parking,TRAIL_CLUB,-1,-1;Town "Town" true true false 50 Text 0 0 ,First,#,at_parking,Town,-1,-1;County "County" true true false 50 Text 0 0 ,First,#,at_parking,County,-1,-1;State "State" true true false 25 Text 0 0 ,First,#,at_parking,State,-1,-1;Elev_feet "Elev_feet" true true false 10 Double 3 9 ,First,#,at_parking,Elev_feet,-1,-1;Publish "Publish" true true false 4 Text 0 0 ,First,#,at_parking,Publish,-1,-1;Version "Version" true true false 20 Text 0 0 ,First,#,at_parking,Version,-1,-1;Length__fe "Length__fe" true true false 8 Float 2 7 ,First,#,2013 Features\parking_2013,Length__fe,-1,-1;Culvert_ "Culvert_" true true false 20 Text 0 0 ,First,#,2013 Features\parking_2013,Culvert_,-1,-1;Gate_ "Gate_" true true false 20 Text 0 0 ,First,#,2013 Features\parking_2013,Gate_,-1,-1;GNSS_Heigh "GNSS_Heigh" true true false 16 Double 3 15 ,First,#,2013 Features\parking_2013,GNSS_Heigh,-1,-1;Point_ID "Point_ID" true true false 9 Long 0 9 ,First,#,2013 Features\parking_2013,Point_ID,-1,-1"</Process><Process ToolSource="C:\Program Files (x86)\ArcGIS\Desktop10.0\ArcToolbox\Toolboxes\Data Management Tools.tbx\CalculateField" Date="20140306" Time="132056">CalculateField at_parking_merge STATUS "Official A.T. Parking Area" VB #</Process><Process ToolSource="C:\Program Files (x86)\ArcGIS\Desktop10.0\ArcToolbox\Toolboxes\Data Management Tools.tbx\CalculateField" Date="20140306" Time="132154">CalculateField at_parking_merge X_COORD [LONGITUDE] VB #</Process><Process ToolSource="C:\Program Files (x86)\ArcGIS\Desktop10.0\ArcToolbox\Toolboxes\Data Management Tools.tbx\CalculateField" Date="20140306" Time="132207">CalculateField at_parking_merge Y_COORD [LATITUDE] VB #</Process><Process ToolSource="C:\Program Files (x86)\ArcGIS\Desktop10.0\ArcToolbox\Toolboxes\Data Management Tools.tbx\CalculateField" Date="20140306" Time="145642">CalculateField at_parking_merge Version "03/06/2014" VB #</Process><Process ToolSource="C:\Program Files (x86)\ArcGIS\Desktop10.0\ArcToolbox\Toolboxes\Data Management Tools.tbx\CalculateField" Date="20140306" Time="145718">CalculateField at_parking_merge Elev_feet [GNSS_Heigh] VB #</Process><Process ToolSource="C:\Program Files (x86)\ArcGIS\Desktop10.0\ArcToolbox\Toolboxes\Data Management Tools.tbx\CalculateField" Date="20140306" Time="153142">CalculateField at_parking_merge Version "03/06/2014" VB #</Process><Process ToolSource="C:\Program Files (x86)\ArcGIS\Desktop10.0\ArcToolbox\Toolboxes\Data Management Tools.tbx\CalculateField" Date="20140407" Time="150131">CalculateField at_parking LENGTH_FE [Length__fe] VB #</Process><Process ToolSource="C:\Program Files (x86)\ArcGIS\Desktop10.0\ArcToolbox\Toolboxes\Data Management Tools.tbx\CalculateField" Date="20140407" Time="150148">CalculateField at_parking GATE [Gate_] VB #</Process><Process ToolSource="C:\Program Files (x86)\ArcGIS\Desktop10.0\ArcToolbox\Toolboxes\Data Management Tools.tbx\CalculateField" Date="20140407" Time="150322">CalculateField at_parking GPS_HEIGHT [GNSS_Heigh] VB #</Process><Process ToolSource="C:\Program Files (x86)\ArcGIS\Desktop10.0\ArcToolbox\Toolboxes\Data Management Tools.tbx\CalculateField" Date="20140409" Time="173820">CalculateField at_parking Version "04/07/2014" VB #</Process><Process ToolSource="c:\program files\arcgis\desktop10.2\ArcToolbox\Toolboxes\Data Management Tools.tbx\CalculateField" Date="20141112" Time="093839">CalculateField at_parking_RIP RIP_COMMEN "None Official" VB #</Process><Process ToolSource="c:\program files\arcgis\desktop10.2\ArcToolbox\Toolboxes\Data Management Tools.tbx\CalculateField" Date="20141114" Time="111054">CalculateField at_parking_RIP_cleaned_up Version "11/17/14" VB #</Process><Process ToolSource="c:\program files (x86)\arcgis\desktop10.2\ArcToolbox\Toolboxes\Data Management Tools.tbx\CalculateField" Date="20141202" Time="145355">CalculateField at_parking_RIP_cleaned_up JOIN_ID "PK" VB #</Process><Process ToolSource="c:\program files (x86)\arcgis\desktop10.2\ArcToolbox\Toolboxes\Data Management Tools.tbx\CalculateField" Date="20141202" Time="145842">CalculateField at_parking_RIP_cleaned_up SOURCE "2014 Road Inventory Assessment" VB #</Process><Process ToolSource="c:\program files (x86)\arcgis\desktop10.2\ArcToolbox\Toolboxes\Data Management Tools.tbx\CalculateField" Date="20141202" Time="145903">CalculateField at_parking_RIP_cleaned_up COMMENTS "Digtized Location based on 2014 Road Inventory Assessment" VB #</Process><Process ToolSource="c:\program files (x86)\arcgis\desktop10.2\ArcToolbox\Toolboxes\Data Management Tools.tbx\CalculateField" Date="20141202" Time="150220">CalculateField at_parking_RIP_cleaned_up STATUS "Official A.T. Parking Area" VB #</Process><Process ToolSource="c:\program files (x86)\arcgis\desktop10.2\ArcToolbox\Toolboxes\Data Management Tools.tbx\CalculateField" Date="20141202" Time="150238">CalculateField at_parking_RIP_cleaned_up LATITUDE [Y_COORD] VB #</Process><Process ToolSource="c:\program files (x86)\arcgis\desktop10.2\ArcToolbox\Toolboxes\Data Management Tools.tbx\CalculateField" Date="20141202" Time="150456">CalculateField at_parking_RIP_cleaned_up GPS_DATE "N/A" VB #</Process><Process ToolSource="c:\program files (x86)\arcgis\desktop10.2\ArcToolbox\Toolboxes\Data Management Tools.tbx\CalculateField" Date="20141202" Time="150614">CalculateField at_parking_RIP_cleaned_up GATE "Unknown" VB #</Process><Process ToolSource="c:\program files (x86)\arcgis\desktop10.2\ArcToolbox\Toolboxes\Data Management Tools.tbx\CalculateField" Date="20141202" Time="150622">CalculateField at_parking_RIP_cleaned_up GATE_KEY__ 0 VB #</Process><Process ToolSource="c:\program files (x86)\arcgis\desktop10.2\ArcToolbox\Toolboxes\Data Management Tools.tbx\CalculateField" Date="20141202" Time="150631">CalculateField at_parking_RIP_cleaned_up BULLETIN_B "Unknown" VB #</Process><Process ToolSource="c:\program files (x86)\arcgis\desktop10.2\ArcToolbox\Toolboxes\Data Management Tools.tbx\CalculateField" Date="20141202" Time="150637">CalculateField at_parking_RIP_cleaned_up TOILET "Unknown" VB #</Process><Process ToolSource="c:\program files (x86)\arcgis\desktop10.2\ArcToolbox\Toolboxes\Data Management Tools.tbx\CalculateField" Date="20141202" Time="150707">CalculateField at_parking_RIP_cleaned_up CULVERT "Unknown" VB #</Process><Process ToolSource="c:\program files (x86)\arcgis\desktop10.2\ArcToolbox\Toolboxes\Data Management Tools.tbx\CalculateField" Date="20141202" Time="150714">CalculateField at_parking_RIP_cleaned_up USE "Unknown" VB #</Process><Process ToolSource="c:\program files (x86)\arcgis\desktop10.2\ArcToolbox\Toolboxes\Data Management Tools.tbx\CalculateField" Date="20141202" Time="150919">CalculateField at_parking_RIP_cleaned_up Version "12/02/14" VB #</Process><Process ToolSource="c:\program files (x86)\arcgis\desktop10.2\ArcToolbox\Toolboxes\Data Management Tools.tbx\CalculateField" Date="20141202" Time="154607">CalculateField at_parking_RIP_cleaned_up_and_joined TRAIL_CLUB [TRAIL_CL_1] VB #</Process><Process ToolSource="c:\program files (x86)\arcgis\desktop10.2\ArcToolbox\Toolboxes\Data Management Tools.tbx\CalculateField" Date="20141202" Time="155035">CalculateField at_parking_RIP_cleaned_up_and_joined2 Town [POLYGON_NM] VB #</Process><Process ToolSource="c:\program files (x86)\arcgis\desktop10.2\ArcToolbox\Toolboxes\Data Management Tools.tbx\CalculateField" Date="20141202" Time="155443">CalculateField at_parking_RIP_cleaned_up_and_joined3 County [POLYGON_NM] VB #</Process><Process ToolSource="c:\program files (x86)\arcgis\desktop10.2\ArcToolbox\Toolboxes\Data Management Tools.tbx\CalculateField" Date="20141208" Time="101816">CalculateField at_parking_RIP_12_08_2014 Town "N/A" VB #</Process><Process ToolSource="c:\program files (x86)\arcgis\desktop10.2\ArcToolbox\Toolboxes\Data Management Tools.tbx\CalculateField" Date="20141208" Time="102052">CalculateField at_parking_RIP_12_08_2014 Version "12/08/14" VB #</Process><Process ToolSource="c:\program files (x86)\arcgis\desktop10.2\ArcToolbox\Toolboxes\Data Management Tools.tbx\CalculateField" Date="20150202" Time="091741">CalculateField at_parking Publish "yes" VB #</Process><Process ToolSource="c:\program files (x86)\arcgis\desktop10.2\ArcToolbox\Toolboxes\Data Management Tools.tbx\CalculateField" Date="20150202" Time="121056">CalculateField at_parking Publish "no" VB #</Process><Process ToolSource="c:\program files (x86)\arcgis\desktop10.2\ArcToolbox\Toolboxes\Data Management Tools.tbx\CalculateField" Date="20150202" Time="121839">CalculateField at_parking Publish "no" VB #</Process><Process ToolSource="c:\program files (x86)\arcgis\desktop10.2\ArcToolbox\Toolboxes\Data Management Tools.tbx\CalculateField" Date="20150202" Time="124733">CalculateField at_parking Version "02/02/15" VB #</Process></lineage><copyHistory><copy source="B:\Data\Trail\Features\at_parking" dest="\\INPAPPA122623\B\at_parking" date="20141112" time="09161600"></copy></copyHistory></DataProperties><ArcGISFormat>1.0</ArcGISFormat><ArcGISstyle>XTools Pro Metadata</ArcGISstyle></Esri><dataIdInfo><envirDesc Sync="TRUE">Microsoft Windows 7 Version 6.1 (Build 7601) Service Pack 1; Esri ArcGIS 10.2.2.3552</envirDesc><dataLang><languageCode Sync="TRUE" value="eng"></languageCode><countryCode value="USA" Sync="TRUE"></countryCode></dataLang><idCitation><resTitle Sync="TRUE">at_parking_RIP_cleaned_up_and_joined3</resTitle><presForm><PresFormCd Sync="TRUE" value="005"></PresFormCd></presForm></idCitation><spatRpType><SpatRepTypCd Sync="TRUE" value="001"></SpatRepTypCd></spatRpType><dataExt><geoEle><GeoBndBox esriExtentType="native"><westBL Sync="TRUE">-84.194996</westBL><eastBL Sync="TRUE">-68.961081</eastBL><northBL Sync="TRUE">45.890806</northBL><southBL Sync="TRUE">34.637738</southBL><exTypeCode Sync="TRUE">1</exTypeCode></GeoBndBox></geoEle></dataExt><geoBox esriExtentType="decdegrees"><westBL Sync="TRUE">-84.194996</westBL><eastBL Sync="TRUE">-68.961081</eastBL><northBL Sync="TRUE">45.890806</northBL><southBL Sync="TRUE">34.637738</southBL><exTypeCode Sync="TRUE">1</exTypeCode></geoBox></dataIdInfo><mdLang><languageCode Sync="TRUE" value="eng"></languageCode><countryCode value="USA" Sync="TRUE"></countryCode></mdLang><mdStanName Sync="TRUE">ISO 19115 Geographic Information - Metadata</mdStanName><mdStanVer Sync="TRUE">DIS_ESRI1.0</mdStanVer><mdChar><CharSetCd Sync="TRUE" value="004"></CharSetCd></mdChar><mdHrLv><ScopeCd Sync="TRUE" value="005"></ScopeCd></mdHrLv><mdHrLvName Sync="TRUE">dataset</mdHrLvName><distInfo><distributor><distorTran><onLineSrc><orDesc Sync="TRUE">002</orDesc><linkage Sync="TRUE">file://\\INPAPPA122615\D$\ATGIS\Data\Trail\Features\at_parking.shp</linkage><protocol Sync="TRUE">Local Area Network</protocol></onLineSrc><transSize Sync="TRUE">0.012</transSize></distorTran><distorFormat><formatName Sync="TRUE">Shapefile</formatName></distorFormat></distributor><distFormat><formatName Sync="TRUE">Shapefile</formatName></distFormat><distTranOps><transSize Sync="TRUE">0.000</transSize></distTranOps></distInfo><refSysInfo><RefSystem><refSysID><identCode Sync="TRUE" value="4269" code="4269">GCS_North_American_1983</identCode><idCodeSpace Sync="TRUE">EPSG</idCodeSpace><idVersion Sync="TRUE">8.2.6</idVersion></refSysID></RefSystem></refSysInfo><spatRepInfo><VectSpatRep><geometObjs Name="at_parking_RIP_cleaned_up_and_joined3"><geoObjTyp><GeoObjTypCd value="004" Sync="TRUE"></GeoObjTypCd></geoObjTyp><geoObjCnt Sync="TRUE">0</geoObjCnt></geometObjs><topLvl><TopoLevCd value="001" Sync="TRUE"></TopoLevCd></topLvl></VectSpatRep></spatRepInfo><mdDateSt Sync="TRUE">20141202</mdDateSt></metadata>
